XPATH,BT ID,BT Name,Additional information
/*/ext:UBLExtensions/ext:UBLExtension/ext:ExtensionContent/efext:EformsExtension/efac:Change/efac:ChangedElement/efbc:ChangedSectionIdentifier,BT-13716,Change Previous Section Identifier,
/*/ext:UBLExtensions/ext:UBLExtension/ext:ExtensionContent/efext:EformsExtension/efac:Change/efbc:ChangedNoticeIdentifier,BT-758,Change Notice Version Identifier,
/*/ext:UBLExtensions/ext:UBLExtension/ext:ExtensionContent/efext:EformsExtension/efac:Change/efac:ChangedElement/cbc:ChangeDescription,BT-141,Change Description,
/*/ext:UBLExtensions/ext:UBLExtension/ext:ExtensionContent/efext:EformsExtension/efac:Change/efac:ChangedElement[efbc:ElementOldValue]/efbc:ElementNewValue,BT-141,Change Description,For substitution
/*/ext:UBLExtensions/ext:UBLExtension/ext:ExtensionContent/efext:EformsExtension/efac:Change/efac:ChangedElement[not(efbc:ElementOldValue)]/efbc:ElementNewValue,BT-141,Change Description,For addition
/*/ext:UBLExtensions/ext:UBLExtension/ext:ExtensionContent/efext:EformsExtension/efac:Change/efac:ChangedElement[not(efbc:ElementNewValue)]/efbc:ElementOldValue,BT-141,Change Description,For deletion
/*/ext:UBLExtensions/ext:UBLExtension/ext:ExtensionContent/efext:EformsExtension/efac:Change/efbc:ProcurementDocumentsChangeIndicator,BT-718,Change Procurement Documents,
/*/ext:UBLExtensions/ext:UBLExtension/ext:ExtensionContent/efext:EformsExtension/efac:Change/efbc:ProcurementDocumentsChangeDate,BT-719,Change Procurement Documents Date,
/*/ext:UBLExtensions/ext:UBLExtension/ext:ExtensionContent/efext:EformsExtension/efac:Change/efac:ChangeReason/efbc:ReasonCode,BT-140,Change Reason Code,
/*/ext:UBLExtensions/ext:UBLExtension/ext:ExtensionContent/efext:EformsExtension/efac:Change/efac:ChangeReason/efbc:ReasonDescription,BT-762,Change Reason Description,
/*/cbc:UBLVersionID,–,UBL version ID (UBL),
/*/cbc:CustomizationID,–,Customization ID (UBL),
/*/cbc:ID,BT-701,Notice Identifier,
/*/cbc:ContractFolderID,BT-04,Procedure Identifier,
/*/cbc:IssueDate,BT-05,Notice Dispatch Date,Date component with TZ
/*/cbc:IssueTime,BT-05,Notice Dispatch Date,Time component with TZ
/*/cbc:VersionID,BT-757,Notice Version,
/*/cbc:RequestedPublicationDate,BT-738,Notice Publication Date Preferred,Date (no time & no TZ)
/PriorInformationNotice/cbc:PlannedDate,BT-127,Future Notice,Date (no time & no TZ)
/*/cbc:RegulatoryDomain,BT-01,Procedure Legal Basis,For EU directive
/*/cbc:NoticeTypeCode/@listName,BT-03,Form Type,
/*/cbc:NoticeTypeCode,BT-02,Notice Type,
/*/cbc:NoticeLanguageCode,BT-702,Notice Official Language,1st listed Notice (EU) Official language
/*/cac:AdditionalNoticeLanguage/cbc:ID,BT-702,Notice Official Language,Other listed Notice (EU) Official Languages
/*/cac:ContractingParty/cbc:BuyerProfileURI,BT-508,Buyer Profile URI,
/*/cac:ContractingPartyType/cbc:PartyTypeCode[@listName='buyer-legal-type'],BT-11,Buyer Legal Type,
/*/cac:ContractingPartyType/cbc:PartyTypeCode[@listName='buyer-contracting-type''],BT-740,Buyer Contracting Entity,
/*/cac:ContractingPartyType/cac:ContractingActivity/cbc:ActivityTypeCode[@listName=authority-activity'],BT-10,Activity Authority,
/*/cac:ContractingPartyType/cac:ContractingActivity/cbc:ActivityTypeCode[@listName='entity-activity'],BT-610,Activity Entity,
/*/cac:ContractingParty/cac:ContractingRepresentationType/cbc:RepresentationTypeCode,,Buyer Role,"For : “Central purchasing body acquiring supplies and/or services intended for other buyers” and “Central purchasing body awarding public contracts or concluding framework agreements for works, supplies or services intended for other buyers”  only."
/*/cac:ContractingParty/cac:Party/cbc:WebsiteURI,BT-505,Internet Address,
/*/cac:ContractingParty/cac:Party/cbc:EndpointID,BT-509,eDelivery Gateway,.
/*/cac:ContractingParty/cac:Party/cac:PartyName/cbc:Name,BT-500,Name,
/*/cac:ContractingParty/cac:Party/cac:PartyLegalEntity/cbc:CompanyID,BT-501,Identifier,
/*/cac:ContractingParty/cac:Party/cac:PostalAddress/cbc:Department,BT-16,Part Name,
/*/cac:ContractingParty/cac:Party/cac:PostalAddress/cbc:StreetName,BT-510,Street,
/*/cac:ContractingParty/cac:Party/cac:PostalAddress/cbc:CityName,BT-513,City,
/*/cac:ContractingParty/cac:Party/cac:PostalAddress/cbc:PostalZone,BT-512,Post Code,
/*/cac:ContractingParty/cac:Party/cac:PostalAddress/cbc:CountrySubentityCode,BT-507,Country Subdivision,NUTS3 code
/*/cac:ContractingParty/cac:Party/cac:PostalAddress/cbc:IdentificationCode,BT-514,Country Code,
/*/cac:ContractingParty/cac:Party/cac:Contact/cbc:Name,BT-502,Contact Point,
/*/cac:ContractingParty/cac:Party/cac:Contact/cbc:ElectronicMail,BT-506,Contact Email Address,
/*/cac:ContractingParty/cac:Party/cac:Contact/cbc:Telephone,BT-503,Contact Telephone Number,
/*/cac:ContractingParty/cac:Party/cac:Contact/cbc:Telefax,BT-739,Contact Fax,
/*/cac:ContractingParty/cac:Party/cac:Person,,Notice Author,"For Production Purpose in case of Emergency, information shall never be published."
/*/cac:ContractingParty/cac:Party/cac:Person/cbc:FirstName,,,John
/*/cac:ContractingParty/cac:Party/cac:Person/cbc:FamilyName,,,Doe
/*/cac:ContractingParty/cac:Party/cac:Person/cbc:GenderCode,,,Mr
/*/cac:ContractingParty/cac:Party/cac:Person/cbc:RoleCode,,,Author
/*/cac:ContractingParty/cac:Party/cac:Person/cac:Contact/cbc:Telephone,,,+ 39 1 23 45 678
/*/cac:ContractingParty/cac:Party/cac:Person/cac:Contact/cbc:ElectronicMail,,,John.doe@myadministration.xyz
/*/cac:ContractingParty/cac:Party/cac:ServiceProviderParty/cbc:ServiceTypeCode,,Provided Service Type,"Ex: Procurement Service Provider, TED eSender …"
/*/cac:ContractingParty/cac:Party/cac:ServiceProviderParty/cac:Party/cbc:WebsiteURI,BT-505,Internet Address,
/*/cac:ContractingParty/cac:Party/cac:ServiceProviderParty/cac:Party/cbc:EndpointID,BT-509,eDelivery Gateway,.
/*/cac:ContractingParty/cac:Party/cac:ServiceProviderParty/cac:Party/cbc:IndustryClassificationCode[@listName='legal-person'],BT-633,Organisation Natural Person,
/*/cac:ContractingParty/cac:Party/cac:ServiceProviderParty/cac:Party/cac:PartyName/cbc:Name,BT-500,Name,
/*/cac:ContractingParty/cac:Party/cac:ServiceProviderParty/cac:Party/cac:PartyLegalEntity/cbc:CompanyID,BT-501,Identifier,
/*/cac:ContractingParty/cac:Party/cac:ServiceProviderParty/cac:Party/cac:PostalAddress/cbc:Department,BT-16,Part Name,
/*/cac:ContractingParty/cac:Party/cac:ServiceProviderParty/cac:Party/cac:PostalAddress/cbc:StreetName,BT-510,Street,
/*/cac:ContractingParty/cac:Party/cac:ServiceProviderParty/cac:Party/cac:PostalAddress/cbc:CityName,BT-513,City,
/*/cac:ContractingParty/cac:Party/cac:ServiceProviderParty/cac:Party/cac:PostalAddress/cbc:PostalZone,BT-512,Post Code,
/*/cac:ContractingParty/cac:Party/cac:ServiceProviderParty/cac:Party/cac:PostalAddress/cbc:CountrySubentityCode,BT-507,Country Subdivision,NUTS3 code
/*/cac:ContractingParty/cac:Party/cac:ServiceProviderParty/cac:Party/cac:PostalAddress/cbc:IdentificationCode,BT-514,Country Code,
/*/cac:ContractingParty/cac:Party/cac:ServiceProviderParty/cac:Party/cac:Contact/cbc:Name,BT-502,Contact Point,
/*/cac:ContractingParty/cac:Party/cac:ServiceProviderParty/cac:Party/cac:Contact/cbc:ElectronicMail,BT-506,Contact Email Address,
/*/cac:ContractingParty/cac:Party/cac:ServiceProviderParty/cac:Party/cac:Contact/cbc:Telephone,BT-503,Contact Telephone Number,
/*/cac:ContractingParty/cac:Party/cac:ServiceProviderParty/cac:Party/cac:Contact/cbc:Telefax,BT-739,Contact Fax,
/*/cac:TenderingTerms/cac:ProcurementLegislationDocumentReference/cbc:ID,BT-09,Cross Border Law,
/*/cac:TenderingTerms/cac:ProcurementLegislationDocumentReference/cbc:DocumentDescription,BT-09,Cross Border Law,Description of the CBL.
/*/cac:TenderingTerms/cac:ProcurementLegislationDocumentReference/cbc:ID,BT-01,Procedure Legal Basis (ELI),"For local Legal Basis: ELI, or when not available, identifier following a predefined pattern"
/*/cac:TenderingTerms/cac:ProcurementLegislationDocumentReference/cbc:DocumentDescription,BT-01,Procedure Legal Basis (text),Mandatory when no ELI available. Text description of the local Legal Basis.
/*/cac:TenderingTerms/cac:TendererQualificationRequest/cac:SpecificTendererRequirement/cbc:TendererRequirementTypeCode[@listName='exclusion-ground'],BT-67,Exclusion Grounds,Identification of ‘exclusion-ground'
/*/cac:TenderingTerms/cac:TendererQualificationRequest/cac:SpecificTendererRequirement/cbc:Description,BT-67,Exclusion Grounds,Description of the Exclusion Ground
/*/cac:TenderingTerms/cac:LotDistribution/cbc:MaximumLotsAwardedNumeric,BT-33,Lots Max Awarded,
/*/cac:TenderingTerms/cac:LotDistribution/cbc:MaximumLotsSubmittedNumeric,BT-31,Lots Max Allowed,
/*/cac:TenderingTerms/cac:LotDistribution/cac:LotsGroup/cbc:LotsGroupID,BT-330,Group Identifier,
/*/cac:TenderingTerms/cac:LotDistribution/cac:LotsGroup/cac:ProcurementProjectLotReference/cbc:ID[@schemeName='Lot'],BT-1375,Group Lot Identifier,
/*/cac:TenderingProcess/ext:UBLExtensions/ext:UBLExtension/ext:ExtensionContent/efext:EformsExtension/efbc:ProcedureRelaunchIndicator,BT-634,Procurement Relaunch,
/*/cac:TenderingProcess/cbc:Description,BT-88,Procedure Features,
/*/cac:TenderingProcess/cbc:ProcedureCode,BT-105,Procedure Type,
/ContractAwardNotice/cac:TenderingProcess/cbc:TerminatedIndicator,BT-756,PIN Competition Termination,
/*/cac:TenderingProcess/cbc:PartPresentationCode,BT-763,Lots All Required,
/*/cac:TenderingProcess/cac:ProcessJustification/cbc:ProcessReasonCode[@listName='accelerated-procedure-justification'],BT-106,Procedure Accelerated,
/*/cac:TenderingProcess/cac:ProcessJustification[cbc:ProcessReasonCode/@listName='accelerated-procedure-justification']/cbc:ProcessReason,BT-1351,Procedure Accelerated Justification,
/*/cac:ProcurementProject/cbc:ID,BT-22,Internal Identifier,
/*/cac:ProcurementProject/cbc:Name,BT-21,Title,
/*/cac:ProcurementProject/cbc:Description,BT-24,Description,
/*/cac:ProcurementProject/cbc:ProcurementTypeCode,BT-23,Main Nature,
/*/cac:ProcurementProject/cbc:ProcurementAdditionalType/cbc:ProcurementTypeCode,BT-531,Additional Nature (different from Main),
/*/cac:ProcurementProject/cbc:Note,BT-300,Additional Information,
/*/cac:ProcurementProject/cac:RequestedTenderTotal/cbc:EstimatedOverallContractAmount,BT-27,Estimated Value,
/*/cac:ProcurementProject/cac:RequestedTenderTotal/cbc:EstimatedOverallFrameworkContractsAmount,BT-118,Notice Framework Value,
/*/cac:ProcurementProject/cac:RequestedTenderTotal/cbc:TotalAmount,BT-161,Notice Value,
/*/cac:ProcurementProject/cac:MainCommodityClassification/cbc:ItemClassificationCode/@listName,BT-26,Classification Type (e.g. CPV),For main commodity classification
/*/cac:ProcurementProject/cac:AdditionalCommodityClassification/cbc:ItemClassificationCode/@listName,BT-26,Classification Type (e.g. CPV),For additional commodity classification
/*/cac:ProcurementProject/cac:MainCommodityClassification/cbc:ItemClassificationCode,BT-262,Main Classification Code,
/*/cac:ProcurementProject/cac:AdditionalCommodityClassification/cbc:ItemClassificationCode,BT-263,Additional Classification Code,
/*/cac:ProcurementProject/cac:RealizedLocation/cbc:Description,BT-728,Place of Performance Additional Information,
/*/cac:ProcurementProject/cac:RealizedLocation/cbc:CityName,BT-5131,Place Performance City,
/*/cac:ProcurementProject/cac:RealizedLocation/cbc:PostalZone,BT-5121,Place Performance Post Code,
/*/cac:ProcurementProject/cac:RealizedLocation/cbc:CountrySubentityCode,BT-5071,Place Performance Country Subdivision,
/*/cac:ProcurementProject/cac:RealizedLocation/cbc:Region,BT-727,Place Performance Services Other,
/*/cac:ProcurementProject/cac:RealizedLocation/cbc:StreetName,BT-5101,Place Performance Street,
/*/cac:ProcurementProject/cac:RealizedLocation/cbc:AdditionalStreetName,BT-5101,Place Performance Street,
/*/cac:ProcurementProject/cac:RealizedLocation/cac:AddressLine/cbc:Line,BT-5101,Place Performance Street,
/*/cac:ProcurementProject/cac:RealizedLocation/cac:Country/cbc:IdentificationCode,BT-5141,Place Performance Country Code,
/*/cac:ProcurementProjectLot/cbc:ID,BT-137,Purpose Lot Identifier,
/*/cac:ProcurementProjectLot/cac:TenderingTerms/ext:UBLExtensions/ext:UBLExtension/ext:ExtensionContent/efext:EformsExtension/efac:SelectionCriteria/cbc:CriterionTypeCode[@listName='selection-criterion'],BT-747,Selection Criteria Type,
/*/cac:ProcurementProjectLot/cac:TenderingTerms/ext:UBLExtensions/ext:UBLExtension/ext:ExtensionContent/efext:EformsExtension/efac:SelectionCriteria/cbc:Name,BT-749,Selection Criteria Name,
/*/cac:ProcurementProjectLot/cac:TenderingTerms/ext:UBLExtensions/ext:UBLExtension/ext:ExtensionContent/efext:EformsExtension/efac:SelectionCriteria/cbc:Description,BT-750,Selection Criteria Description,
/*/cac:ProcurementProjectLot/cac:TenderingTerms/ext:UBLExtensions/ext:UBLExtension/ext:ExtensionContent/efext:EformsExtension/efac:SelectionCriteria/cbc:CalculationExpressionCode[@listName='usage'],BT-748,Selection Criteria Used,
/*/cac:ProcurementProjectLot/cac:TenderingTerms/ext:UBLExtensions/ext:UBLExtension/ext:ExtensionContent/efext:EformsExtension/efac:SelectionCriteria/efbc:SecondStageIndicator,BT-40,Selection Criteria Second Stage Invite,
/*/cac:ProcurementProjectLot/cac:TenderingTerms/ext:UBLExtensions/ext:UBLExtension/ext:ExtensionContent/efext:EformsExtension/efac:SelectionCriteria/efbc:StatisticsCode[@listName='number-weight'],BT-7531,Selection Criteria Second Stage Invite Number Weight,
/*/cac:ProcurementProjectLot/cac:TenderingTerms/ext:UBLExtensions/ext:UBLExtension/ext:ExtensionContent/efext:EformsExtension/efac:SelectionCriteria/efbc:StatisticsCode[@listName='number-threshold'],BT-7532,Selection Criteria Second Stage Invite Number Threshold,
/*/cac:ProcurementProjectLot/cac:TenderingTerms/ext:UBLExtensions/ext:UBLExtension/ext:ExtensionContent/efext:EformsExtension/efac:SelectionCriteria/efac:CriterionStatistics/efbc:StatisticalNumeric,BT-752,Selection Criteria Second Stage Invite Number,
/*/cac:ProcurementProjectLot/cac:TenderingTerms/cbc:VariantConstraintCode,BT-63,Variants,
/*/cac:ProcurementProjectLot/cac:TenderingTerms/cbc:FundingProgramCode[@listName='eu-funded'],BT-60,EU Funds,
/*/cac:ProcurementProjectLot/cac:TenderingTerms/cbc:RequiredCurriculaCode,BT-79,Performing Staff Qualification,
/*/cac:ProcurementProjectLot/cac:TenderingTerms/cbc:RecurringProcurementIndicator,BT-94,Recurrence,
/*/cac:ProcurementProjectLot/cac:TenderingTerms/cbc:RecurringProcurementDescription,BT-95,Recurrence Description,
/*/cac:ProcurementProjectLot/cac:TenderingTerms/cbc:LatestSecurityClearanceDate,BT-78,Security Clearance Deadline,
/*/cac:ProcurementProjectLot/cac:TenderingTerms/cbc:MultipleTendersCode,BT-769,Multiple Tenders,
/*/cac:ProcurementProjectLot/cac:TenderingTerms/cac:RequiredFinancialGuarantee/cbc:GuaranteeTypeCode[./text()='provisional'],BT-751,Guarantee Required,
/*/cac:ProcurementProjectLot/cac:TenderingTerms/cac:RequiredFinancialGuarantee/cbc:Description,BT-75,Guarantee Required Description,
/*/cac:ProcurementProjectLot/cac:TenderingTerms/cac:FiscalLegislationDocumentReference/cac:Attachment/cac:ExternalReference/cbc:URI,,URL to Fiscal Legislation,
/*/cac:ProcurementProjectLot/cac:TenderingTerms/cac:FiscalLegislationDocumentReference/cac:IssuerParty/cbc:WebsiteURI,BT-505,Internet Address,
/*/cac:ProcurementProjectLot/cac:TenderingTerms/cac:FiscalLegislationDocumentReference/cac:IssuerParty/cbc:EndpointID,BT-509,eDelivery Gateway,.
/*/cac:ProcurementProjectLot/cac:TenderingTerms/cac:FiscalLegislationDocumentReference/cac:IssuerParty/cbc:IndustryClassificationCode[@listName='legal-person'],BT-633,Organisation Natural Person,
/*/cac:ProcurementProjectLot/cac:TenderingTerms/cac:FiscalLegislationDocumentReference/cac:IssuerParty/cac:PartyName/cbc:Name,BT-500,Name,
/*/cac:ProcurementProjectLot/cac:TenderingTerms/cac:FiscalLegislationDocumentReference/cac:IssuerParty/cac:PartyLegalEntity/cbc:CompanyID,BT-501,Identifier,
/*/cac:ProcurementProjectLot/cac:TenderingTerms/cac:FiscalLegislationDocumentReference/cac:IssuerParty/cac:PostalAddress/cbc:Department,BT-16,Part Name,
/*/cac:ProcurementProjectLot/cac:TenderingTerms/cac:FiscalLegislationDocumentReference/cac:IssuerParty/cac:PostalAddress/cbc:StreetName,BT-510,Street,
/*/cac:ProcurementProjectLot/cac:TenderingTerms/cac:FiscalLegislationDocumentReference/cac:IssuerParty/cac:PostalAddress/cbc:CityName,BT-513,City,
/*/cac:ProcurementProjectLot/cac:TenderingTerms/cac:FiscalLegislationDocumentReference/cac:IssuerParty/cac:PostalAddress/cbc:PostalZone,BT-512,Post Code,
/*/cac:ProcurementProjectLot/cac:TenderingTerms/cac:FiscalLegislationDocumentReference/cac:IssuerParty/cac:PostalAddress/cbc:CountrySubentityCode,BT-507,Country Subdivision,NUTS3 code
/*/cac:ProcurementProjectLot/cac:TenderingTerms/cac:FiscalLegislationDocumentReference/cac:IssuerParty/cac:PostalAddress/cbc:IdentificationCode,BT-514,Country Code,
/*/cac:ProcurementProjectLot/cac:TenderingTerms/cac:FiscalLegislationDocumentReference/cac:IssuerParty/cac:Contact/cbc:Name,BT-502,Contact Point,
/*/cac:ProcurementProjectLot/cac:TenderingTerms/cac:FiscalLegislationDocumentReference/cac:IssuerParty/cac:Contact/cbc:ElectronicMail,BT-506,Contact Email Address,
/*/cac:ProcurementProjectLot/cac:TenderingTerms/cac:FiscalLegislationDocumentReference/cac:IssuerParty/cac:Contact/cbc:Telephone,BT-503,Contact Telephone Number,
/*/cac:ProcurementProjectLot/cac:TenderingTerms/cac:FiscalLegislationDocumentReference/cac:IssuerParty/cac:Contact/cbc:Telefax,BT-739,Contact Fax,
/*/cac:ProcurementProjectLot/cac:TenderingTerms/cac:EnvironmentalLegislationDocumentReference/cac:Attachment/cac:ExternalReference/cbc:URI,,URL to Environmental Legislation,
/*/cac:ProcurementProjectLot/cac:TenderingTerms/cac:EnvironmentalLegislationDocumentReference/cac:IssuerParty/cbc:WebsiteURI,BT-505,Internet Address,
/*/cac:ProcurementProjectLot/cac:TenderingTerms/cac:EnvironmentalLegislationDocumentReference/cac:IssuerParty/cbc:EndpointID,BT-509,eDelivery Gateway,.
/*/cac:ProcurementProjectLot/cac:TenderingTerms/cac:EnvironmentalLegislationDocumentReference/cac:IssuerParty/cbc:IndustryClassificationCode[@listName='legal-person'],BT-633,Organisation Natural Person,
/*/cac:ProcurementProjectLot/cac:TenderingTerms/cac:EnvironmentalLegislationDocumentReference/cac:IssuerParty/cac:PartyName/cbc:Name,BT-500,Name,
/*/cac:ProcurementProjectLot/cac:TenderingTerms/cac:EnvironmentalLegislationDocumentReference/cac:IssuerParty/cac:PartyLegalEntity/cbc:CompanyID,BT-501,Identifier,
/*/cac:ProcurementProjectLot/cac:TenderingTerms/cac:EnvironmentalLegislationDocumentReference/cac:IssuerParty/cac:PostalAddress/cbc:Department,BT-16,Part Name,
/*/cac:ProcurementProjectLot/cac:TenderingTerms/cac:EnvironmentalLegislationDocumentReference/cac:IssuerParty/cac:PostalAddress/cbc:StreetName,BT-510,Street,
/*/cac:ProcurementProjectLot/cac:TenderingTerms/cac:EnvironmentalLegislationDocumentReference/cac:IssuerParty/cac:PostalAddress/cbc:CityName,BT-513,City,
/*/cac:ProcurementProjectLot/cac:TenderingTerms/cac:EnvironmentalLegislationDocumentReference/cac:IssuerParty/cac:PostalAddress/cbc:PostalZone,BT-512,Post Code,
/*/cac:ProcurementProjectLot/cac:TenderingTerms/cac:EnvironmentalLegislationDocumentReference/cac:IssuerParty/cac:PostalAddress/cbc:CountrySubentityCode,BT-507,Country Subdivision,NUTS3 code
/*/cac:ProcurementProjectLot/cac:TenderingTerms/cac:EnvironmentalLegislationDocumentReference/cac:IssuerParty/cac:PostalAddress/cbc:IdentificationCode,BT-514,Country Code,
/*/cac:ProcurementProjectLot/cac:TenderingTerms/cac:EnvironmentalLegislationDocumentReference/cac:IssuerParty/cac:Contact/cbc:Name,BT-502,Contact Point,
/*/cac:ProcurementProjectLot/cac:TenderingTerms/cac:EnvironmentalLegislationDocumentReference/cac:IssuerParty/cac:Contact/cbc:ElectronicMail,BT-506,Contact Email Address,
/*/cac:ProcurementProjectLot/cac:TenderingTerms/cac:EnvironmentalLegislationDocumentReference/cac:IssuerParty/cac:Contact/cbc:Telephone,BT-503,Contact Telephone Number,
/*/cac:ProcurementProjectLot/cac:TenderingTerms/cac:EnvironmentalLegislationDocumentReference/cac:IssuerParty/cac:Contact/cbc:Telefax,BT-739,Contact Fax,
/*/cac:ProcurementProjectLot/cac:TenderingTerms/cac:EmploymentLegislationDocumentReference/cac:Attachment/cac:ExternalReference/cbc:URI,,URL to Employment Legislation,
/*/cac:ProcurementProjectLot/cac:TenderingTerms/cac:EmploymentLegislationDocumentReference/cac:IssuerParty/cbc:WebsiteURI,BT-505,Internet Address,
/*/cac:ProcurementProjectLot/cac:TenderingTerms/cac:EmploymentLegislationDocumentReference/cac:IssuerParty/cbc:EndpointID,BT-509,eDelivery Gateway,.
/*/cac:ProcurementProjectLot/cac:TenderingTerms/cac:EmploymentLegislationDocumentReference/cac:IssuerParty/cbc:IndustryClassificationCode[@listName='legal-person'],BT-633,Organisation Natural Person,
/*/cac:ProcurementProjectLot/cac:TenderingTerms/cac:EmploymentLegislationDocumentReference/cac:IssuerParty/cac:PartyName/cbc:Name,BT-500,Name,
/*/cac:ProcurementProjectLot/cac:TenderingTerms/cac:EmploymentLegislationDocumentReference/cac:IssuerParty/cac:PartyLegalEntity/cbc:CompanyID,BT-501,Identifier,
/*/cac:ProcurementProjectLot/cac:TenderingTerms/cac:EmploymentLegislationDocumentReference/cac:IssuerParty/cac:PostalAddress/cbc:Department,BT-16,Part Name,
/*/cac:ProcurementProjectLot/cac:TenderingTerms/cac:EmploymentLegislationDocumentReference/cac:IssuerParty/cac:PostalAddress/cbc:StreetName,BT-510,Street,
/*/cac:ProcurementProjectLot/cac:TenderingTerms/cac:EmploymentLegislationDocumentReference/cac:IssuerParty/cac:PostalAddress/cbc:CityName,BT-513,City,
/*/cac:ProcurementProjectLot/cac:TenderingTerms/cac:EmploymentLegislationDocumentReference/cac:IssuerParty/cac:PostalAddress/cbc:PostalZone,BT-512,Post Code,
/*/cac:ProcurementProjectLot/cac:TenderingTerms/cac:EmploymentLegislationDocumentReference/cac:IssuerParty/cac:PostalAddress/cbc:CountrySubentityCode,BT-507,Country Subdivision,NUTS3 code
/*/cac:ProcurementProjectLot/cac:TenderingTerms/cac:EmploymentLegislationDocumentReference/cac:IssuerParty/cac:PostalAddress/cbc:IdentificationCode,BT-514,Country Code,
/*/cac:ProcurementProjectLot/cac:TenderingTerms/cac:EmploymentLegislationDocumentReference/cac:IssuerParty/cac:Contact/cbc:Name,BT-502,Contact Point,
/*/cac:ProcurementProjectLot/cac:TenderingTerms/cac:EmploymentLegislationDocumentReference/cac:IssuerParty/cac:Contact/cbc:ElectronicMail,BT-506,Contact Email Address,
/*/cac:ProcurementProjectLot/cac:TenderingTerms/cac:EmploymentLegislationDocumentReference/cac:IssuerParty/cac:Contact/cbc:Telephone,BT-503,Contact Telephone Number,
/*/cac:ProcurementProjectLot/cac:TenderingTerms/cac:EmploymentLegislationDocumentReference/cac:IssuerParty/cac:Contact/cbc:Telefax,BT-739,Contact Fax,
/*/cac:ProcurementProjectLot/cac:TenderingTerms/cac:CallForTendersDocumentReference/cbc:DocumentType[./text()='restricted-document'],BT-14,Documents Restricted,
/*/cac:ProcurementProjectLot/cac:TenderingTerms/cac:CallForTendersDocumentReference[cbc:DocumentType/text()='restricted-document']/cbc:DocumentTypeCode,BT-707,Documents Restricted Justification,
/*/cac:ProcurementProjectLot/cac:TenderingTerms/cac:CallForTendersDocumentReference/cbc:LanguageID,BT-708,Documents Official Language,Repeat parent element per linguistic versions
/*/cac:ProcurementProjectLot/cac:TenderingTerms/cac:CallForTendersDocumentReference/cbc:LanguageID[../cbc:DocumentStatusCode/text()='non-official'],BT-737,Documents Unofficial Language,
/*/cac:ProcurementProjectLot/cac:TenderingTerms/cac:CallForTendersDocumentReference[not(cbc:DocumentType/text()='restricted-document')]/cac:Attachment/cac:ExternalReference/cbc:URI,BT-15,Documents URL,
/*/cac:ProcurementProjectLot/cac:TenderingTerms/cac:CallForTendersDocumentReference[cbc:DocumentType/text()='restricted-document']/cac:Attachment/cac:ExternalReference/cbc:URI,BT-615,Documents Restricted URL,
/*/cac:ProcurementProjectLot/cac:TenderingTerms/cac:PaymentTerms/cbc:Note,BT-77,Terms Financial,
/*/cac:ProcurementProjectLot/cac:TenderingTerms/cac:TendererQualificationRequest/cac:SpecificTendererRequirement/cbc:TendererRequirementTypeCode[@listName='reserved-procurement'],BT-71,Reserved Participation,
/*/cac:ProcurementProjectLot/cac:TenderingTerms/cac:TendererQualificationRequest/cbc:CompanyLegalFormCode,BT-761,Tenderer Legal Form,
/*/cac:ProcurementProjectLot/cac:TenderingTerms/cac:TendererQualificationRequest/cbc:CompanyLegalForm,BT-76,Tenderer Legal Form Description,
/*/cac:ProcurementProjectLot/cac:TenderingTerms/cac:TendererQualificationRequest/cac:SpecificTendererRequirement/cbc:TendererRequirementTypeCode[@listName='missing-info-submission'],BT-771,Late Tenderer Information,
/*/cac:ProcurementProjectLot/cac:TenderingTerms/cac:TendererQualificationRequest/cac:SpecificTendererRequirement[./cbc:TendererRequirementTypeCode/@listName='missing-info-submission']/cbc:Description,BT-772,Late Tenderer Information Description,
/*/cac:ProcurementProjectLot/cac:TenderingTerms/cac:AllowedSubcontractTerms/cbc:SubcontractingConditionsCode[@listName='subcontracting-obligation'],BT-65,Subcontracting Obligation,
/*/cac:ProcurementProjectLot/cac:TenderingTerms/cac:AllowedSubcontractTerms/cbc:MaximumPercent,BT-729,Subcontracting Obligation Maximum,
/*/cac:ProcurementProjectLot/cac:TenderingTerms/cac:AllowedSubcontractTerms/cbc:MinimumPercent,BT-64,Subcontracting Obligation Minimum,
/*/cac:ProcurementProjectLot/cac:TenderingTerms/cac:TenderPreparation[cbc:TenderEnvelopeID/text()='subcontracting-tender-indication']/cbc:Description,BT-651,Subcontracting Tender Indication,
/*/cac:ProcurementProjectLot/cac:TenderingTerms/cbc:ContractExecutionRequirement/cbc:ExecutionRequirementCode[@listName='reserved-execution'],BT-736,Reserved Execution,
/*/cac:ProcurementProjectLot/cac:TenderingTerms/cac:ContractExecutionRequirement/cbc:ExecutionRequirementCode[@listName='einvoicing'],BT-743,Electronic Invoicing,
/*/cac:ProcurementProjectLot/cac:TenderingTerms/cac:ContractExecutionRequirement[cbc:ExecutionRequirementCode/text()='performance']/cbc:Description,BT-70,Terms Performance,
/*/cac:ProcurementProjectLot/cac:TenderingTerms/cac:ContractExecutionRequirement/cbc:ExecutionRequirementCode[@listName='ecatalog-submission'],BT-764,Submission Electronic Catalog,
/*/cac:ProcurementProjectLot/cac:TenderingTerms/cac:ContractExecutionRequirement/cbc:ExecutionRequirementCode[@listName='esignature-submission'],BT-744,Submission Electronic Signature,
/ContractNotice/cac:ProcurementProjectLot/cac:TenderingTerms/cac:AwardingTerms/cbc:FollowupContractIndicator,BT-41,Following Contract,
/ContractNotice/cac:ProcurementProjectLot/cac:TenderingTerms/cac:AwardingTerms/cbc:BindingOnBuyerIndicator,BT-42,Jury Decision Binding,
/ContractNotice/cac:ProcurementProjectLot/cac:TenderingTerms/cac:AwardingTerms/cbc:NoFurtherNegotiationIndicator,BT-120,No Negotiation Necessary,
/*/cac:ProcurementProjectLot/cac:TenderingTerms/cac:AwardingTerms/cac:AwardingCriterion/cbc:Description,BT-733,Award Criteria Order Justification,
/*/cac:ProcurementProjectLot/cac:TenderingTerms/cac:AwardingTerms/cac:AwardingCriterion/cbc:CalculationExpression,BT-543,Award Criteria Complicated,
/*/cac:ProcurementProjectLot/cac:TenderingTerms/cac:AwardingTerms/cac:AwardingCriterion/cac:SubordinateAwardingCriterion/ext:UBLExtensions/ext:UBLExtension/ext:ExtensionContent/efext:EformsExtension/efac:AwardCriterionStatistics/efbc:StatisticsCode[@listName='number-weight'],BT-5421,Award Criterion Number Weight,
/*/cac:ProcurementProjectLot/cac:TenderingTerms/cac:AwardingTerms/cac:AwardingCriterion/cac:SubordinateAwardingCriterion/ext:UBLExtensions/ext:UBLExtension/ext:ExtensionContent/efext:EformsExtension/efac:AwardCriterionStatistics/efbc:StatisticsCode[@listName='number-fixed'],BT-5422,Award Criterion Number Fixed,
/*/cac:ProcurementProjectLot/cac:TenderingTerms/cac:AwardingTerms/cac:AwardingCriterion/cac:SubordinateAwardingCriterion/ext:UBLExtensions/ext:UBLExtension/ext:ExtensionContent/efext:EformsExtension/efac:AwardCriterionStatistics/efbc:StatisticsCode[@listName='number-threshold'],BT-5423,Award Criterion Number Threshold,
/*/cac:ProcurementProjectLot/cac:TenderingTerms/cac:AwardingTerms/cac:AwardingCriterion/cac:SubordinateAwardingCriterion/ext:UBLExtensions/ext:UBLExtension/ext:ExtensionContent/efext:EformsExtension/efac:AwardCriterionStatistics/efbc:StatisticalNumeric,BT-541,Award Criterion Number,
/*/cac:ProcurementProjectLot/cac:TenderingTerms/cac:AwardingTerms/cac:AwardingCriterion/cac:SubordinateAwardingCriterion/cbc:AwardingCriterionTypeCode[@listName='award-criterion-type'],BT-539,Award Criterion Type,
/*/cac:ProcurementProjectLot/cac:TenderingTerms/cac:AwardingTerms/cac:AwardingCriterion/cac:SubordinateAwardingCriterion/cbc:Name,BT-734,Award Criterion Name,
/*/cac:ProcurementProjectLot/cac:TenderingTerms/cac:AwardingTerms/cac:AwardingCriterion/cac:SubordinateAwardingCriterion/cbc:Description,BT-540,Award Criterion Description,
/ContractNotice/cac:ProcurementProjectLot/cac:TenderingTerms/cac:AwardingTerms/cac:Prize/cac:TechnicalCommitteePerson/cbc:FamilyName,BT-46,Jury Member Name,
/ContractNotice/cac:ProcurementProjectLot/cac:TenderingTerms/cac:AwardingTerms/cac:Prize/cbc:RankCode,BT-44,Prize Rank,
/ContractNotice/cac:ProcurementProjectLot/cac:TenderingTerms/cac:AwardingTerms/cac:Prize/cbc:ValueAmount,BT-644,Value Prize,
/ContractNotice/cac:ProcurementProjectLot/cac:TenderingTerms/cac:AwardingTerms/cac:Prize/cbc:Description,BT-45,Rewards Other,With value amount O and RankCode
/*/cac:ProcurementProjectLot/cac:TenderingTerms/cac:AdditionalInformationParty/cbc:WebsiteURI,BT-505,Internet Address,
/*/cac:ProcurementProjectLot/cac:TenderingTerms/cac:AdditionalInformationParty/cbc:EndpointID,BT-509,eDelivery Gateway,.
/*/cac:ProcurementProjectLot/cac:TenderingTerms/cac:AdditionalInformationParty/cbc:IndustryClassificationCode[@listName='legal-person'],BT-633,Organisation Natural Person,
/*/cac:ProcurementProjectLot/cac:TenderingTerms/cac:AdditionalInformationParty/cac:PartyName/cbc:Name,BT-500,Name,
/*/cac:ProcurementProjectLot/cac:TenderingTerms/cac:AdditionalInformationParty/cac:PartyLegalEntity/cbc:CompanyID,BT-501,Identifier,
/*/cac:ProcurementProjectLot/cac:TenderingTerms/cac:AdditionalInformationParty/cac:PostalAddress/cbc:Department,BT-16,Part Name,
/*/cac:ProcurementProjectLot/cac:TenderingTerms/cac:AdditionalInformationParty/cac:PostalAddress/cbc:StreetName,BT-510,Street,
/*/cac:ProcurementProjectLot/cac:TenderingTerms/cac:AdditionalInformationParty/cac:PostalAddress/cbc:CityName,BT-513,City,
/*/cac:ProcurementProjectLot/cac:TenderingTerms/cac:AdditionalInformationParty/cac:PostalAddress/cbc:PostalZone,BT-512,Post Code,
/*/cac:ProcurementProjectLot/cac:TenderingTerms/cac:AdditionalInformationParty/cac:PostalAddress/cbc:CountrySubentityCode,BT-507,Country Subdivision,NUTS3 code
/*/cac:ProcurementProjectLot/cac:TenderingTerms/cac:AdditionalInformationParty/cac:PostalAddress/cbc:IdentificationCode,BT-514,Country Code,
/*/cac:ProcurementProjectLot/cac:TenderingTerms/cac:AdditionalInformationParty/cac:Contact/cbc:Name,BT-502,Contact Point,
/*/cac:ProcurementProjectLot/cac:TenderingTerms/cac:AdditionalInformationParty/cac:Contact/cbc:ElectronicMail,BT-506,Contact Email Address,
/*/cac:ProcurementProjectLot/cac:TenderingTerms/cac:AdditionalInformationParty/cac:Contact/cbc:Telephone,BT-503,Contact Telephone Number,
/*/cac:ProcurementProjectLot/cac:TenderingTerms/cac:AdditionalInformationParty/cac:Contact/cbc:Telefax,BT-739,Contact Fax,
/*/cac:ProcurementProjectLot/cac:TenderingTerms/cac:DocumentProviderParty/cbc:WebsiteURI,BT-505,Internet Address,
/*/cac:ProcurementProjectLot/cac:TenderingTerms/cac:DocumentProviderParty/cbc:EndpointID,BT-509,eDelivery Gateway,.
/*/cac:ProcurementProjectLot/cac:TenderingTerms/cac:DocumentProviderParty/cbc:IndustryClassificationCode[@listName='legal-person'],BT-633,Organisation Natural Person,
/*/cac:ProcurementProjectLot/cac:TenderingTerms/cac:DocumentProviderParty/cac:PartyName/cbc:Name,BT-500,Name,
/*/cac:ProcurementProjectLot/cac:TenderingTerms/cac:DocumentProviderParty/cac:PartyLegalEntity/cbc:CompanyID,BT-501,Identifier,
/*/cac:ProcurementProjectLot/cac:TenderingTerms/cac:DocumentProviderParty/cac:PostalAddress/cbc:Department,BT-16,Part Name,
/*/cac:ProcurementProjectLot/cac:TenderingTerms/cac:DocumentProviderParty/cac:PostalAddress/cbc:StreetName,BT-510,Street,
/*/cac:ProcurementProjectLot/cac:TenderingTerms/cac:DocumentProviderParty/cac:PostalAddress/cbc:CityName,BT-513,City,
/*/cac:ProcurementProjectLot/cac:TenderingTerms/cac:DocumentProviderParty/cac:PostalAddress/cbc:PostalZone,BT-512,Post Code,
/*/cac:ProcurementProjectLot/cac:TenderingTerms/cac:DocumentProviderParty/cac:PostalAddress/cbc:CountrySubentityCode,BT-507,Country Subdivision,NUTS3 code
/*/cac:ProcurementProjectLot/cac:TenderingTerms/cac:DocumentProviderParty/cac:PostalAddress/cbc:IdentificationCode,BT-514,Country Code,
/*/cac:ProcurementProjectLot/cac:TenderingTerms/cac:DocumentProviderParty/cac:Contact/cbc:Name,BT-502,Contact Point,
/*/cac:ProcurementProjectLot/cac:TenderingTerms/cac:DocumentProviderParty/cac:Contact/cbc:ElectronicMail,BT-506,Contact Email Address,
/*/cac:ProcurementProjectLot/cac:TenderingTerms/cac:DocumentProviderParty/cac:Contact/cbc:Telephone,BT-503,Contact Telephone Number,
/*/cac:ProcurementProjectLot/cac:TenderingTerms/cac:DocumentProviderParty/cac:Contact/cbc:Telefax,BT-739,Contact Fax,
/*/cac:ProcurementProjectLot/cac:TenderingTerms/cac:TenderRecipientParty/cbc:WebsiteURI,BT-505,Internet Address,
/*/cac:ProcurementProjectLot/cac:TenderingTerms/cac:TenderRecipientParty/cbc:EndpointID,BT-18 (BT-509),Submission URL (eDelivery Gateway),
/*/cac:ProcurementProjectLot/cac:TenderingTerms/cac:TenderRecipientParty/cbc:IndustryClassificationCode[@listName='legal-person'],BT-633,Organisation Natural Person,
/*/cac:ProcurementProjectLot/cac:TenderingTerms/cac:TenderRecipientParty/cac:PartyName/cbc:Name,BT-500,Name,
/*/cac:ProcurementProjectLot/cac:TenderingTerms/cac:TenderRecipientParty/cac:PartyLegalEntity/cbc:CompanyID,BT-501,Identifier,
/*/cac:ProcurementProjectLot/cac:TenderingTerms/cac:TenderRecipientParty/cac:PostalAddress/cbc:Department,BT-16,Part Name,
/*/cac:ProcurementProjectLot/cac:TenderingTerms/cac:TenderRecipientParty/cac:PostalAddress/cbc:StreetName,BT-510,Street,
/*/cac:ProcurementProjectLot/cac:TenderingTerms/cac:TenderRecipientParty/cac:PostalAddress/cbc:CityName,BT-513,City,
/*/cac:ProcurementProjectLot/cac:TenderingTerms/cac:TenderRecipientParty/cac:PostalAddress/cbc:PostalZone,BT-512,Post Code,
/*/cac:ProcurementProjectLot/cac:TenderingTerms/cac:TenderRecipientParty/cac:PostalAddress/cbc:CountrySubentityCode,BT-507,Country Subdivision,NUTS3 code
/*/cac:ProcurementProjectLot/cac:TenderingTerms/cac:TenderRecipientParty/cac:PostalAddress/cbc:IdentificationCode,BT-514,Country Code,
/*/cac:ProcurementProjectLot/cac:TenderingTerms/cac:TenderRecipientParty/cac:Contact/cbc:Name,BT-502,Contact Point,
/*/cac:ProcurementProjectLot/cac:TenderingTerms/cac:TenderRecipientParty/cac:Contact/cbc:ElectronicMail,BT-506,Contact Email Address,
/*/cac:ProcurementProjectLot/cac:TenderingTerms/cac:TenderRecipientParty/cac:Contact/cbc:Telephone,BT-503,Contact Telephone Number,
/*/cac:ProcurementProjectLot/cac:TenderingTerms/cac:TenderRecipientParty/cac:Contact/cbc:Telefax,BT-739,Contact Fax,
/*/cac:ProcurementProjectLot/cac:TenderingTerms/cac:TenderEvaluationParty/cbc:WebsiteURI,BT-505,Internet Address,
/*/cac:ProcurementProjectLot/cac:TenderingTerms/cac:TenderEvaluationParty/cbc:EndpointID,BT-509,eDelivery Gateway,.
/*/cac:ProcurementProjectLot/cac:TenderingTerms/cac:TenderEvaluationParty/cbc:IndustryClassificationCode[@listName='legal-person'],BT-633,Organisation Natural Person,
/*/cac:ProcurementProjectLot/cac:TenderingTerms/cac:TenderEvaluationParty/cac:PartyName/cbc:Name,BT-500,Name,
/*/cac:ProcurementProjectLot/cac:TenderingTerms/cac:TenderEvaluationParty/cac:PartyLegalEntity/cbc:CompanyID,BT-501,Identifier,
/*/cac:ProcurementProjectLot/cac:TenderingTerms/cac:TenderEvaluationParty/cac:PostalAddress/cbc:Department,BT-16,Part Name,
/*/cac:ProcurementProjectLot/cac:TenderingTerms/cac:TenderEvaluationParty/cac:PostalAddress/cbc:StreetName,BT-510,Street,
/*/cac:ProcurementProjectLot/cac:TenderingTerms/cac:TenderEvaluationParty/cac:PostalAddress/cbc:CityName,BT-513,City,
/*/cac:ProcurementProjectLot/cac:TenderingTerms/cac:TenderEvaluationParty/cac:PostalAddress/cbc:PostalZone,BT-512,Post Code,
/*/cac:ProcurementProjectLot/cac:TenderingTerms/cac:TenderEvaluationParty/cac:PostalAddress/cbc:CountrySubentityCode,BT-507,Country Subdivision,NUTS3 code
/*/cac:ProcurementProjectLot/cac:TenderingTerms/cac:TenderEvaluationParty/cac:PostalAddress/cbc:IdentificationCode,BT-514,Country Code,
/*/cac:ProcurementProjectLot/cac:TenderingTerms/cac:TenderEvaluationParty/cac:Contact/cbc:Name,BT-502,Contact Point,
/*/cac:ProcurementProjectLot/cac:TenderingTerms/cac:TenderEvaluationParty/cac:Contact/cbc:ElectronicMail,BT-506,Contact Email Address,
/*/cac:ProcurementProjectLot/cac:TenderingTerms/cac:TenderEvaluationParty/cac:Contact/cbc:Telephone,BT-503,Contact Telephone Number,
/*/cac:ProcurementProjectLot/cac:TenderingTerms/cac:TenderEvaluationParty/cac:Contact/cbc:Telefax,BT-739,Contact Fax,
/ContractNotice/cac:ProcurementProjectLot/cac:TenderingTerms/cac:TenderValidityPeriod/cbc:DurationMeasure,BT-98,Tender Validity Deadline,
/*/cac:ProcurementProjectLot/cac:TenderingTerms/cac:AppealTerms/cac:PresentationPeriod/cbc:Description,BT-99,Review Deadline Description,
/*/cac:ProcurementProjectLot/cac:TenderingTerms/cac:AppealTerms/cac:AppealReceiverParty/cbc:WebsiteURI,BT-505,Internet Address,
/*/cac:ProcurementProjectLot/cac:TenderingTerms/cac:AppealTerms/cac:AppealReceiverParty/cbc:EndpointID,BT-509,eDelivery Gateway,.
/*/cac:ProcurementProjectLot/cac:TenderingTerms/cac:AppealTerms/cac:AppealReceiverParty/cbc:IndustryClassificationCode[@listName='legal-person'],BT-633,Organisation Natural Person,
/*/cac:ProcurementProjectLot/cac:TenderingTerms/cac:AppealTerms/cac:AppealReceiverParty/cac:PartyName/cbc:Name,BT-500,Name,
/*/cac:ProcurementProjectLot/cac:TenderingTerms/cac:AppealTerms/cac:AppealReceiverParty/cac:PartyLegalEntity/cbc:CompanyID,BT-501,Identifier,
/*/cac:ProcurementProjectLot/cac:TenderingTerms/cac:AppealTerms/cac:AppealReceiverParty/cac:PostalAddress/cbc:Department,BT-16,Part Name,
/*/cac:ProcurementProjectLot/cac:TenderingTerms/cac:AppealTerms/cac:AppealReceiverParty/cac:PostalAddress/cbc:StreetName,BT-510,Street,
/*/cac:ProcurementProjectLot/cac:TenderingTerms/cac:AppealTerms/cac:AppealReceiverParty/cac:PostalAddress/cbc:CityName,BT-513,City,
/*/cac:ProcurementProjectLot/cac:TenderingTerms/cac:AppealTerms/cac:AppealReceiverParty/cac:PostalAddress/cbc:PostalZone,BT-512,Post Code,
/*/cac:ProcurementProjectLot/cac:TenderingTerms/cac:AppealTerms/cac:AppealReceiverParty/cac:PostalAddress/cbc:CountrySubentityCode,BT-507,Country Subdivision,NUTS3 code
/*/cac:ProcurementProjectLot/cac:TenderingTerms/cac:AppealTerms/cac:AppealReceiverParty/cac:PostalAddress/cbc:IdentificationCode,BT-514,Country Code,
/*/cac:ProcurementProjectLot/cac:TenderingTerms/cac:AppealTerms/cac:AppealReceiverParty/cac:Contact/cbc:Name,BT-502,Contact Point,
/*/cac:ProcurementProjectLot/cac:TenderingTerms/cac:AppealTerms/cac:AppealReceiverParty/cac:Contact/cbc:ElectronicMail,BT-506,Contact Email Address,
/*/cac:ProcurementProjectLot/cac:TenderingTerms/cac:AppealTerms/cac:AppealReceiverParty/cac:Contact/cbc:Telephone,BT-503,Contact Telephone Number,
/*/cac:ProcurementProjectLot/cac:TenderingTerms/cac:AppealTerms/cac:AppealReceiverParty/cac:Contact/cbc:Telefax,BT-739,Contact Fax,
/*/cac:ProcurementProjectLot/cac:TenderingTerms/cac:AppealTerms/cac:AppealInformationParty/cbc:WebsiteURI,BT-505,Internet Address,
/*/cac:ProcurementProjectLot/cac:TenderingTerms/cac:AppealTerms/cac:AppealInformationParty/cbc:EndpointID,BT-509,eDelivery Gateway,.
/*/cac:ProcurementProjectLot/cac:TenderingTerms/cac:AppealTerms/cac:AppealInformationParty/cbc:IndustryClassificationCode[@listName='legal-person'],BT-633,Organisation Natural Person,
/*/cac:ProcurementProjectLot/cac:TenderingTerms/cac:AppealTerms/cac:AppealInformationParty/cac:PartyName/cbc:Name,BT-500,Name,
/*/cac:ProcurementProjectLot/cac:TenderingTerms/cac:AppealTerms/cac:AppealInformationParty/cac:PartyLegalEntity/cbc:CompanyID,BT-501,Identifier,
/*/cac:ProcurementProjectLot/cac:TenderingTerms/cac:AppealTerms/cac:AppealInformationParty/cac:PostalAddress/cbc:Department,BT-16,Part Name,
/*/cac:ProcurementProjectLot/cac:TenderingTerms/cac:AppealTerms/cac:AppealInformationParty/cac:PostalAddress/cbc:StreetName,BT-510,Street,
/*/cac:ProcurementProjectLot/cac:TenderingTerms/cac:AppealTerms/cac:AppealInformationParty/cac:PostalAddress/cbc:CityName,BT-513,City,
/*/cac:ProcurementProjectLot/cac:TenderingTerms/cac:AppealTerms/cac:AppealInformationParty/cac:PostalAddress/cbc:PostalZone,BT-512,Post Code,
/*/cac:ProcurementProjectLot/cac:TenderingTerms/cac:AppealTerms/cac:AppealInformationParty/cac:PostalAddress/cbc:CountrySubentityCode,BT-507,Country Subdivision,NUTS3 code
/*/cac:ProcurementProjectLot/cac:TenderingTerms/cac:AppealTerms/cac:AppealInformationParty/cac:PostalAddress/cbc:IdentificationCode,BT-514,Country Code,
/*/cac:ProcurementProjectLot/cac:TenderingTerms/cac:AppealTerms/cac:AppealInformationParty/cac:Contact/cbc:Name,BT-502,Contact Point,
/*/cac:ProcurementProjectLot/cac:TenderingTerms/cac:AppealTerms/cac:AppealInformationParty/cac:Contact/cbc:ElectronicMail,BT-506,Contact Email Address,
/*/cac:ProcurementProjectLot/cac:TenderingTerms/cac:AppealTerms/cac:AppealInformationParty/cac:Contact/cbc:Telephone,BT-503,Contact Telephone Number,
/*/cac:ProcurementProjectLot/cac:TenderingTerms/cac:AppealTerms/cac:AppealInformationParty/cac:Contact/cbc:Telefax,BT-739,Contact Fax,
/*/cac:ProcurementProjectLot/cac:TenderingTerms/cac:AppealTerms/cac:MediationParty/cbc:WebsiteURI,BT-505,Internet Address,
/*/cac:ProcurementProjectLot/cac:TenderingTerms/cac:AppealTerms/cac:MediationParty/cbc:EndpointID,BT-509,eDelivery Gateway,.
/*/cac:ProcurementProjectLot/cac:TenderingTerms/cac:AppealTerms/cac:MediationParty/cbc:IndustryClassificationCode[@listName='legal-person'],BT-633,Organisation Natural Person,
/*/cac:ProcurementProjectLot/cac:TenderingTerms/cac:AppealTerms/cac:MediationParty/cac:PartyName/cbc:Name,BT-500,Name,
/*/cac:ProcurementProjectLot/cac:TenderingTerms/cac:AppealTerms/cac:MediationParty/cac:PartyLegalEntity/cbc:CompanyID,BT-501,Identifier,
/*/cac:ProcurementProjectLot/cac:TenderingTerms/cac:AppealTerms/cac:MediationParty/cac:PostalAddress/cbc:Department,BT-16,Part Name,
/*/cac:ProcurementProjectLot/cac:TenderingTerms/cac:AppealTerms/cac:MediationParty/cac:PostalAddress/cbc:StreetName,BT-510,Street,
/*/cac:ProcurementProjectLot/cac:TenderingTerms/cac:AppealTerms/cac:MediationParty/cac:PostalAddress/cbc:CityName,BT-513,City,
/*/cac:ProcurementProjectLot/cac:TenderingTerms/cac:AppealTerms/cac:MediationParty/cac:PostalAddress/cbc:PostalZone,BT-512,Post Code,
/*/cac:ProcurementProjectLot/cac:TenderingTerms/cac:AppealTerms/cac:MediationParty/cac:PostalAddress/cbc:CountrySubentityCode,BT-507,Country Subdivision,NUTS3 code
/*/cac:ProcurementProjectLot/cac:TenderingTerms/cac:AppealTerms/cac:MediationParty/cac:PostalAddress/cbc:IdentificationCode,BT-514,Country Code,
/*/cac:ProcurementProjectLot/cac:TenderingTerms/cac:AppealTerms/cac:MediationParty/cac:Contact/cbc:Name,BT-502,Contact Point,
/*/cac:ProcurementProjectLot/cac:TenderingTerms/cac:AppealTerms/cac:MediationParty/cac:Contact/cbc:ElectronicMail,BT-506,Contact Email Address,
/*/cac:ProcurementProjectLot/cac:TenderingTerms/cac:AppealTerms/cac:MediationParty/cac:Contact/cbc:Telephone,BT-503,Contact Telephone Number,
/*/cac:ProcurementProjectLot/cac:TenderingTerms/cac:AppealTerms/cac:MediationParty/cac:Contact/cbc:Telefax,BT-739,Contact Fax,
/*/cac:ProcurementProjectLot/cac:TenderingTerms/cac:Language/cbc:ID,BT-97,Submission Language,
/*/cac:TenderingTerms/cac:LotDistribution/cbc:MaximumLotsAwardedNumeric,BT-33,Lots Max Awarded,
/*/cac:TenderingTerms/cac:LotDistribution/cbc:MaximumLotsSubmittedNumeric,BT-31,Lots Max Allowed,
/*/cac:TenderingTerms/cac:LotDistribution/cac:LotsGroup/cbc:LotsGroupID,BT-330,Group Identifier,
/*/cac:TenderingTerms/cac:LotDistribution/cac:LotsGroup/cac:ProcurementProjectLotReference/cbc:ID[@schemeName='Lot'],BT-1375,Group Lot Identifier,
/*/cac:ProcurementProjectLot/cac:TenderingTerms/PostAwardProcess/cbc:ElectronicOrderUsageIndicator,BT-92,Electronic Ordering,
/*/cac:ProcurementProjectLot/cac:TenderingTerms /cac:PostAwardProcess/cbc:ElectronicPaymentUsageIndicator,BT-93,Electronic Payment,
/ContractNotice/cac:ProcurementProjectLot/cac:TenderingTerms/cac:AwardingTerms/cac:EconomicOperatorShortList/cac:PreSelectedParty/cac:PartyName/cbc:Name,BT-47,Participant Name,
/*/cac:ProcurementProjectLot/cac:TenderingTerms/cac:SecurityClearanceTerms/cbcSecurityClearanceCode,BT-578,Security Clearance,
/*/cac:ProcurementProjectLot/cac:TenderingTerms/cac:SecurityClearanceTerms/cbcSecurityClearanceDescription,BT-732,Security Clearance Description,
/ContractAwardNotice/cac:ProcurementProjectLot/cac:TenderingProcess/ext:UBLExtensions/ext:UBLExtension/ext:ExtensionContent/efext:EformsExtension/efac:ReceivedSubmissionsStatistics/efbc:StatisticalNumeric,BT-759,Received Submissions Count,
/ContractAwardNotice/cac:ProcurementProjectLot/cac:TenderingProcess/ext:UBLExtensions/ext:UBLExtension/ext:ExtensionContent/efext:EformsExtension/efac:ReceivedSubmissionsStatistics/efbc:StatisticsCode[@listName='received-submission-type'],BT-760,Received Submissions Type,
/ContractAwardNotice/cac:ProcurementProjectLot/cac:TenderingProcess/ext:UBLExtensions/ext:UBLExtension/ext:ExtensionContent/cbc:LowerTenderAmount,BT-710,Tender Value Lowest,
/ContractAwardNotice/cac:ProcurementProjectLot/cac:TenderingProcess/ext:UBLExtensions/ext:UBLExtension/ext:ExtensionContent/cbc:HigherTenderAmount,BT-711,Tender Value Highest,
/ContractAwardNotice/cac:ProcurementProjectLot/cac:TenderingProcess/ext:UBLExtensions/ext:UBLExtension/ext:ExtensionContent/efext:EformsExtension/efac:TenderingParty/cbc:WebsiteURI,BT-505,Internet Address,
/ContractAwardNotice/cac:ProcurementProjectLot/cac:TenderingProcess/ext:UBLExtensions/ext:UBLExtension/ext:ExtensionContent/efext:EformsExtension/efac:TenderingParty/cbc:EndpointID,BT-509,eDelivery Gateway,.
/ContractAwardNotice/cac:ProcurementProjectLot/cac:TenderingProcess/ext:UBLExtensions/ext:UBLExtension/ext:ExtensionContent/efext:EformsExtension/efac:TenderingParty/cbc:IndustryClassificationCode[@listName='legal-person'],BT-633,Organisation Natural Person,
/ContractAwardNotice/cac:ProcurementProjectLot/cac:TenderingProcess/ext:UBLExtensions/ext:UBLExtension/ext:ExtensionContent/efext:EformsExtension/efac:TenderingParty/cac:PartyName/cbc:Name,BT-500,Name,
/ContractAwardNotice/cac:ProcurementProjectLot/cac:TenderingProcess/ext:UBLExtensions/ext:UBLExtension/ext:ExtensionContent/efext:EformsExtension/efac:TenderingParty/cac:PartyLegalEntity/cbc:CompanyID,BT-501,Identifier,
/ContractAwardNotice/cac:ProcurementProjectLot/cac:TenderingProcess/ext:UBLExtensions/ext:UBLExtension/ext:ExtensionContent/efext:EformsExtension/efac:TenderingParty/cac:PostalAddress/cbc:Department,BT-16,Part Name,
/ContractAwardNotice/cac:ProcurementProjectLot/cac:TenderingProcess/ext:UBLExtensions/ext:UBLExtension/ext:ExtensionContent/efext:EformsExtension/efac:TenderingParty/cac:PostalAddress/cbc:StreetName,BT-510,Street,
/ContractAwardNotice/cac:ProcurementProjectLot/cac:TenderingProcess/ext:UBLExtensions/ext:UBLExtension/ext:ExtensionContent/efext:EformsExtension/efac:TenderingParty/cac:PostalAddress/cbc:CityName,BT-513,City,
/ContractAwardNotice/cac:ProcurementProjectLot/cac:TenderingProcess/ext:UBLExtensions/ext:UBLExtension/ext:ExtensionContent/efext:EformsExtension/efac:TenderingParty/cac:PostalAddress/cbc:PostalZone,BT-512,Post Code,
/ContractAwardNotice/cac:ProcurementProjectLot/cac:TenderingProcess/ext:UBLExtensions/ext:UBLExtension/ext:ExtensionContent/efext:EformsExtension/efac:TenderingParty/cac:PostalAddress/cbc:CountrySubentityCode,BT-507,Country Subdivision,NUTS3 code
/ContractAwardNotice/cac:ProcurementProjectLot/cac:TenderingProcess/ext:UBLExtensions/ext:UBLExtension/ext:ExtensionContent/efext:EformsExtension/efac:TenderingParty/cac:PostalAddress/cbc:IdentificationCode,BT-514,Country Code,
/ContractAwardNotice/cac:ProcurementProjectLot/cac:TenderingProcess/ext:UBLExtensions/ext:UBLExtension/ext:ExtensionContent/efext:EformsExtension/efac:TenderingParty/cac:Contact/cbc:Name,BT-502,Contact Point,
/ContractAwardNotice/cac:ProcurementProjectLot/cac:TenderingProcess/ext:UBLExtensions/ext:UBLExtension/ext:ExtensionContent/efext:EformsExtension/efac:TenderingParty/cac:Contact/cbc:ElectronicMail,BT-506,Contact Email Address,
/ContractAwardNotice/cac:ProcurementProjectLot/cac:TenderingProcess/ext:UBLExtensions/ext:UBLExtension/ext:ExtensionContent/efext:EformsExtension/efac:TenderingParty/cac:Contact/cbc:Telephone,BT-503,Contact Telephone Number,
/ContractAwardNotice/cac:ProcurementProjectLot/cac:TenderingProcess/ext:UBLExtensions/ext:UBLExtension/ext:ExtensionContent/efext:EformsExtension/efac:TenderingParty/cac:Contact/cbc:Telefax,BT-739,Contact Fax,
/ContractAwardNotice/cac:ProcurementProjectLot/cac:TenderingProcess/ext:UBLExtensions/ext:UBLExtension/ext:ExtensionContent/efext:EformsExtension/efbc:ProcedureRelaunchIndicator,BT-634,Procurement Relaunch,
/*/cac:ProcurementProjectLot/cac:TenderingProcess/ext:UBLExtensions/ext:UBLExtension/ext:ExtensionContent/efext:EformsExtension/efbc:AccessToolName,BT-632,Tool Name,
/*/cac:ProcurementProjectLot/cac:TenderingProcess/ext:UBLExtensions/ext:UBLExtension/ext:ExtensionContent/efext:EformsExtension/efac:InterestExpressionReceptionPeriod/cbc:EndDate,BT-630,Deadline Receipt Expressions,
/*/cac:ProcurementProjectLot/cac:TenderingProcess/cac:TenderingProcess/cbc:SubmissionMethodCode[@listName='esubmission'],BT-17,SubmissionElectronic,
/*/cac:ProcurementProjectLot/cac:TenderingProcess/cac:EconomicOperatorShortList/cbc:CandidateReductionConstraintIndicator,BT-52,Successive Reduction Indicator (Procedure),
/*/cac:ProcurementProjectLot/cac:TenderingProcess/cbc:GovernmentAgreementConstraintIndicator,BT-115,GPA Coverage,
/*/cac:ProcurementProjectLot/cac:TenderingProcess/cbc:AccessToolURI,BT-124,Tool Atypical URL,
/*/cac:ProcurementProjectLot/cac:TenderingProcess/cac:TenderingProcess/cac:TenderSubmissionDeadlinePeriod/cbc:EndDate,BT-131,Deadline Receipt Tenders,Date with TZ
/*/cac:ProcurementProjectLot/cac:TenderingProcess/cac:TenderingProcess/cac:TenderSubmissionDeadlinePeriod/cbc:EndTime,BT-131,Deadline Receipt Tenders,Time with TZ
/*/cac:ProcurementProjectLot/cac:TenderingProcess/cac:InvitationSubmissionPeriod/cbc:StartDate,BT-130,Dispatch Invitation Tender,
/*/cac:ProcurementProjectLot/cac:TenderingProcess/cac:ParticipationInvitationPeriod/cbc:StartDate,BT-631,Dispatch Invitation Interest,
/*/cac:ProcurementProjectLot/cac:TenderingProcess/cac:ParticipationRequestsReceptionPeriod/cbc:EndDate,BT-1311,Deadline Receipt Requests,Date with TZ
/*/cac:ProcurementProjectLot/cac:TenderingProcess/cac:ParticipationRequestsReceptionPeriod/cbc:EndTime,BT-1311,Deadline Receipt Requests,Time with TZ
/*/cac:ProcurementProjectLot/cac:TenderingProcess/cac:AdditionalInformationRequestPeriod/cbc:EndDate,BT-13,Additional Information Deadline,Date with TZ
/*/cac:ProcurementProjectLot/cac:TenderingProcess/cac:AdditionalInformationRequestPeriod/cbc:EndTime,BT-13,Additional Information Deadline,Time with TZ
/*/cac:ProcurementProjectLot/cac:NoticeDocumentReference/cbc:ID,BT-125,Previous Planning Identifier,
/*/cac:ProcurementProjectLot/cac:TenderingProcess/cac:NoticeDocumentReference/cbc:VersionID,BT-125,Previous Planning Identifier,
/*/cac:ProcurementProjectLot/cac:TenderingProcess/cac:NoticeDocumentReference/cbc:ReferencedDocumentInternalAddress,BT-1251,Previous Planning Part Identifier,
/*/cac:ProcurementProjectLot/cac:TenderingProcess/cac:ProcessJustification/cbc:ProcessReasonCode[@listName='no-esubmission-justification'],BT-19,Submission Nonelectronic Justification,
/*/cac:ProcurementProjectLot/cac:TenderingProcess/cac:ProcessJustification[cbc:ProcessReasonCode/@listName='no-esubmission-justification']/cbc:Description,BT-745,Submission Nonelectronic Description,
/*/cac:ProcurementProjectLot/cac:TenderingProcess/cac:EconomicOperatorShortList/cbc:LimitationDescription,BT-661,Maximum Candidates Indicator,
/*/cac:ProcurementProjectLot/cac:TenderingProcess/cac:EconomicOperatorShortList/cbc:MaximumQuantity,BT-51,Maximum Candidates,
/*/cac:ProcurementProjectLot/cac:TenderingProcess/cac:EconomicOperatorShortList/cbc:MinimumQuantity,BT-50,Minimum Candidates,
/ContractNotice/cac:ProcurementProjectLot/cac:TenderingProcess/cac:OpenTenderEvent/cbc:OccurrenceDate,BT-132,Public Opening Date,Date with TZ
/ContractNotice/cac:ProcurementProjectLot/cac:TenderingProcess/cac:OpenTenderEvent/cbc:OccurrenceTime,BT-132,Public Opening Date,Time with TZ
/ContractNotice/cac:ProcurementProjectLot/cac:TenderingProcess/cac:OpenTenderEvent/cbc:Description,BT-134,Public Opening Description,
/ContractNotice/cac:ProcurementProjectLot/cac:TenderingProcess/cac:OpenTenderEvent/cac:OccurenceLocation/cbc:Description,BT-133,Public Opening Place,
/*/cac:ProcurementProjectLot/cac:TenderingProcess/cac:AuctionTerms/cbc:AuctionConstraintIndicator,BT-767,Electronic Auction,
/*/cac:ProcurementProjectLot/cac:TenderingProcess/cac:AuctionTerms/cbc:Description,BT-122,Electronic Auction Description,
/*/cac:ProcurementProjectLot/cac:TenderingProcess/cac:AuctionTerms/cbc:AuctionURI,BT-123,Electronic Auction URL,
/*/cac:ProcurementProjectLot/cac:TenderingProcess/cac:FrameworkAgreement/cbc:MaximumOperatorQuantity,BT-113,Framework Maximum Participants Number,
/*/cac:ProcurementProjectLot/cac:TenderingProcess/cac:FrameworkAgreement/cbc:Justification,BT-109,Framework Duration Justification,
/*/cac:ProcurementProjectLot/cac:TenderingProcess/cac:FrameworkAgreement/cbc:FrameworkAgreementEstimatedMaximumValueAmount,BT-157,Group Framework Estimated Maximum Value,
/*/cac:ProcurementProjectLot/cac:TenderingProcess/cac:FrameworkAgreement/cac:SubsequentProcessTenderRequirement[cbc:Name/text()='buyer-categories']/cbc:Description,BT-111,Framework Buyer Categories,
/*/cac:ProcurementProjectLot/cac:TenderingProcess/cac:ContractingSystem/cbc:ContractingSystemTypeCode[@listName='framework-agreement'],BT-765,Framework Agreement,
/*/cac:ProcurementProjectLot/cac:TenderingProcess/cac:ContractingSystem/cbc:ContractingSystemTypeCode[@listName='dps-usage'],BT-766,Dynamic Purchasing System,
/*/cac:ProcurementProjectLot/cac:ProcurementProject/cbc:ID,BT-22,Internal Identifier,
/*/cac:ProcurementProjectLot/cac:ProcurementProject/cbc:Name,BT-21,Title,
/*/cac:ProcurementProjectLot/cac:ProcurementProject/cbc:Description,BT-24,Description,
/*/cac:ProcurementProjectLot/cac:ProcurementProject/cbc:ProcurementTypeCode[@listName='contract-nature'],BT-23,Main Nature,
/*/cac:ProcurementProjectLot/cac:ProcurementProject/cac:ProcurementAdditionalType/ext:UBLExtensions/ext:UBLExtension/ext:ExtensionContent/cbc:Description,BT-777,Strategic Procurement Description,
/*/cac:ProcurementProjectLot/cac:ProcurementProject/cac:ProcurementAdditionalType/ext:UBLExtensions/ext:UBLExtension/ext:ExtensionContent/cbc:Description,BT-755,Accessibility Justification,
/*/cac:ProcurementProjectLot/cac:ProcurementProject/cac:ProcurementAdditionalType/cbc:ProcurementTypeCode[@listName='contract-nature'],BT-531,Additional Nature (different from Main),
/*/cac:ProcurementProjectLot/cac:ProcurementProject/cac:ProcurementAdditionalType/cbc:ProcurementTypeCode[@listName='environmental-impact'],BT-774,Green Procurement,
/*/cac:ProcurementProjectLot/cac:ProcurementProject/cac:ProcurementAdditionalType/cbc:ProcurementTypeCode[@listName='social-procurement'],BT-775,Social Procurement,
/*/cac:ProcurementProjectLot/cac:ProcurementProject/cac:ProcurementAdditionalType/cbc:ProcurementTypeCode[@listName='innovative-acquisition'],BT-776,Innovative Procurement,
/*/cac:ProcurementProjectLot/cac:ProcurementProject/cac:ProcurementAdditionalType/cbc:ProcurementTypeCode[@listName='strategic-procurement'],BT-06,Strategic Procurement,
/*/cac:ProcurementProjectLot/cac:ProcurementProject/cac:ProcurementAdditionalType/cbc:ProcurementTypeCode[@listName='accessibility'],BT-754,Accessibility,
/*/cac:ProcurementProjectLot/cac:ProcurementProject/cbc:EstimatedOverallContractQuantity,BT-25,Quantity,.
/*/cac:ProcurementProjectLot/cac:ProcurementProject/cbc:EstimatedOverallContractQuantity/@quantityUnitCode,BT-625,Unit,
/*/cac:ProcurementProjectLot/cac:ProcurementProject/cbc:SMESuitableIndicator,BT-726,Suitable for SMEs,
/*/cac:ProcurementProjectLot/cac:ProcurementProject/cbc:Note,BT-300,Additional Information,
/*/cac:ProcurementProjectLot/cac:ProcurementProject/cac:RequestedTenderTotal/cbc:EstimatedOverallContractAmount,BT-27,Estimated Value,
/*/cac:ProcurementProjectLot/cac:ProcurementProject/cac:MainCommodityClassification/cbc:ItemClassificationCode/@listname  /*/cac:ProcurementProjectLot/cac:ProcurementProject/cac:AdditionalCommodityClassification/cbc:ItemClassificationCode/@listName,BT-26,Classification Type (e.g. CPV),
/*/cac:ProcurementProjectLot/cac:ProcurementProject/cac:MainCommodityClassification/cbc:ItemClassificationCode,BT-262,Main Classification Code,
/*/cac:ProcurementProjectLot/cac:ProcurementProject/cac:AdditionalCommodityClassification/cbc:ItemClassificationCode,BT-263,Additional Classification Code,
/*/cac:ProcurementProjectLot/cac:ProcurementProject/cac:RealizedLocation/cbc:Description,BT-728,Place of Performance Additional Information,
/*/cac:ProcurementProjectLot/cac:ProcurementProject/cac:RealizedLocation/cac:Address/cbc:CityName,BT-5131,Place Performance City,
/*/cac:ProcurementProjectLot/cac:ProcurementProject/cac:RealizedLocation/cac:Address/cbc:PostalZone,BT-5121,Place Performance Post Code,
/*/cac:ProcurementProjectLot/cac:ProcurementProject/cac:RealizedLocation/cac:Address/cbc:CountrySubentityCode,BT-5071,Place Performance Country Subdivision,
/*/cac:ProcurementProjectLot/cac:ProcurementProject/cac:RealizedLocation/cac:Address/cbc:Region,BT-727,Place Performance Services Other,
/*/cac:ProcurementProjectLot/cac:ProcurementProject/cac:RealizedLocation/cac:Addres/cbc:StreetName /*/cac:ProcurementProjectLot/cac:ProcurementProject/cac:RealizedLocation/cac:Addres/cbc:AdditionalStreetName /*/cac:ProcurementProjectLot/cac:ProcurementProject/cac:RealizedLocation/cac:Addres/cac:AddressLine/cbc:Line,BT-5101,Place Performance Street,
/*/cac:ProcurementProjectLot/cac:ProcurementProject/cac:RealizedLocation/cac:Address/cac:Country/cbc:IdentificationCode,BT-5141,Place Performance Country Code,
/PriorInformationNotice/cac:ProcurementProjectLot/cac:ProcurementProject/cac:PlannedPeriod/cbc:StartDate,BT-536,Duration Start Date,
/PriorInformationNotice/cac:ProcurementProjectLot/cac:ProcurementProject/cac:PlannedPeriod/cbc:EndDate,BT-537,Duration End Date,
/PriorInformationNotice/cac:ProcurementProjectLot/cac:ProcurementProject/cac:PlannedPeriod/cbc:DurationMeasure,BT-36,Duration Period,
/PriorInformationNotice/cac:ProcurementProjectLot/cac:ProcurementProject/cac:PlannedPeriod/cbc:DescriptionCode,BT-538,Duration Other,
/*/cac:ProcurementProjectLot/cac:ProcurementProject/cac:ContractExtension/cbc:OptionsDescription,BT-54 (BT-53),Options Description (Options),
/*/cac:ProcurementProjectLot/cac:ProcurementProject/cac:ContractExtension/cbc:MaximumNumberNumeric,BT-58,Renewal maximum,
/*/cac:ProcurementProjectLot/cac:ProcurementProject/cac:ContractExtension/cac:Renewal/cac:Period/cbc:Description,BT-57,Renewal Description,
/ContractAwardNotice/cac:TenderResult/cbc:TenderResultCode[@listName='winner-selection-status'],BT-142,Winner Chosen,
/ContractAwardNotice/cac:TenderResult/cbc:TenderResultCode[@listName='non-award-justification'],BT-144,Not Awarded Reason,
/ContractAwardNotice/cac:TenderResult/cbc:AwardDate,BT-1451,Winner Decision Date,
/*/cac:TenderResult/cac:Contract/ext:UBLExtensions/ext:UBLExtension/ext:ExtensionContent/efext:EformsExtension/efac:ContractModification/efbc:ChangedNoticeIdentifier,BT-1501,Modification Previous Section Identifier,
/*/cac:TenderResult/cac:Contract/ext:UBLExtensions/ext:UBLExtension/ext:ExtensionContent/efext:EformsExtension/efac:ContractModification/efac:ChangedElement/efbc:ChangedSectionIdentifier,BT-1501,Modification Previous Section Identifier,
/*/cac:TenderResult/cac:Contract/ext:UBLExtensions/ext:UBLExtension/ext:ExtensionContent/efext:EformsExtension/efac:ContractModification/efac:ChangedElement/efbc:ChangeDescription,BT-202,Modification Description,
/*/cac:TenderResult/cac:Contract/ext:UBLExtensions/ext:UBLExtension/ext:ExtensionContent/efext:EformsExtension/efac:ContractModification/efac:ChangeReason/efbc:ReasonCode,BT-200,Modification Reason Code,
/*/cac:TenderResult/cac:Contract/ext:UBLExtensions/ext:UBLExtension/ext:ExtensionContent/efext:EformsExtension/efac:ContractModification/efac:ChangeReason/efbc:ReasonDescription,BT-201,Modification Reason Description,
/ContractAwardNotice/cac:TenderResult/cac:Contract/cbc:ID,BT-150,Contract Identifier,
/ContractAwardNotice/cac:TenderResult/cac:Contract/cbc:IssueDate,BT-145,Contract Conclusion Date,
/ContractAwardNotice/cac:TenderResult/cac:Contract/cbc:Description,BT-721,Contract Title,
/ContractAwardNotice/cac:TenderResult/cac:Contract/cac:ContractDocumentReference/cbc:DocumentTypeCode[./text()='fa-setting-notice'],BT-768,Contract Framework Agreement,
/ContractAwardNotice/cac:TenderResult/cac:Contract/cac:ContractDocumentReference/cac:Attachment/cac:ExternalReference/cbc:URI,BT-151,Contract URL,
/ContractAwardNotice/cac:TenderResult/cac:Contract/cac:ContractDocumentReference/cac:Resultofverification/cac:SignatoryParty/cbc:WebsiteURI,BT-505,Internet Address,
/ContractAwardNotice/cac:TenderResult/cac:Contract/cac:ContractDocumentReference/cac:Resultofverification/cac:SignatoryParty/cbc:EndpointID,BT-509,eDelivery Gateway,.
/ContractAwardNotice/cac:TenderResult/cac:Contract/cac:ContractDocumentReference/cac:Resultofverification/cac:SignatoryParty/cbc:IndustryClassificationCode[@listName='legal-person'],BT-633,Organisation Natural Person,
/ContractAwardNotice/cac:TenderResult/cac:Contract/cac:ContractDocumentReference/cac:Resultofverification/cac:SignatoryParty/cac:PartyName/cbc:Name,BT-500,Name,
/ContractAwardNotice/cac:TenderResult/cac:Contract/cac:ContractDocumentReference/cac:Resultofverification/cac:SignatoryParty/cac:PartyLegalEntity/cbc:CompanyID,BT-501,Identifier,
/ContractAwardNotice/cac:TenderResult/cac:Contract/cac:ContractDocumentReference/cac:Resultofverification/cac:SignatoryParty/cac:PostalAddress/cbc:Department,BT-16,Part Name,
/ContractAwardNotice/cac:TenderResult/cac:Contract/cac:ContractDocumentReference/cac:Resultofverification/cac:SignatoryParty/cac:PostalAddress/cbc:StreetName,BT-510,Street,
/ContractAwardNotice/cac:TenderResult/cac:Contract/cac:ContractDocumentReference/cac:Resultofverification/cac:SignatoryParty/cac:PostalAddress/cbc:CityName,BT-513,City,
/ContractAwardNotice/cac:TenderResult/cac:Contract/cac:ContractDocumentReference/cac:Resultofverification/cac:SignatoryParty/cac:PostalAddress/cbc:PostalZone,BT-512,Post Code,
/ContractAwardNotice/cac:TenderResult/cac:Contract/cac:ContractDocumentReference/cac:Resultofverification/cac:SignatoryParty/cac:PostalAddress/cbc:CountrySubentityCode,BT-507,Country Subdivision,NUTS3 code
/ContractAwardNotice/cac:TenderResult/cac:Contract/cac:ContractDocumentReference/cac:Resultofverification/cac:SignatoryParty/cac:PostalAddress/cbc:IdentificationCode,BT-514,Country Code,
/ContractAwardNotice/cac:TenderResult/cac:Contract/cac:ContractDocumentReference/cac:Resultofverification/cac:SignatoryParty/cac:Contact/cbc:Name,BT-502,Contact Point,
/ContractAwardNotice/cac:TenderResult/cac:Contract/cac:ContractDocumentReference/cac:Resultofverification/cac:SignatoryParty/cac:Contact/cbc:ElectronicMail,BT-506,Contact Email Address,
/ContractAwardNotice/cac:TenderResult/cac:Contract/cac:ContractDocumentReference/cac:Resultofverification/cac:SignatoryParty/cac:Contact/cbc:Telephone,BT-503,Contact Telephone Number,
/ContractAwardNotice/cac:TenderResult/cac:Contract/cac:ContractDocumentReference/cac:Resultofverification/cac:SignatoryParty/cac:Contact/cbc:Telefax,BT-739,Contact Fax,
/ContractAwardNotice/cac:TenderResult/cac:Contract/cac:ContractualDelivery/cac:DeliveryTerms/cac:AllowanceCharge/cac:PaymentMeans/cac:PaymentMandate/cac:PayerParty/cbc:WebsiteURI,BT-505,Internet Address,
/ContractAwardNotice/cac:TenderResult/cac:Contract/cac:ContractualDelivery/cac:DeliveryTerms/cac:AllowanceCharge/cac:PaymentMeans/cac:PaymentMandate/cac:PayerParty/cbc:EndpointID,BT-509,eDelivery Gateway,.
/ContractAwardNotice/cac:TenderResult/cac:Contract/cac:ContractualDelivery/cac:DeliveryTerms/cac:AllowanceCharge/cac:PaymentMeans/cac:PaymentMandate/cac:PayerParty/cbc:IndustryClassificationCode[@listName='legal-person'],BT-633,Organisation Natural Person,
/ContractAwardNotice/cac:TenderResult/cac:Contract/cac:ContractualDelivery/cac:DeliveryTerms/cac:AllowanceCharge/cac:PaymentMeans/cac:PaymentMandate/cac:PayerParty/cac:PartyName/cbc:Name,BT-500,Name,
/ContractAwardNotice/cac:TenderResult/cac:Contract/cac:ContractualDelivery/cac:DeliveryTerms/cac:AllowanceCharge/cac:PaymentMeans/cac:PaymentMandate/cac:PayerParty/cac:PartyLegalEntity/cbc:CompanyID,BT-501,Identifier,
/ContractAwardNotice/cac:TenderResult/cac:Contract/cac:ContractualDelivery/cac:DeliveryTerms/cac:AllowanceCharge/cac:PaymentMeans/cac:PaymentMandate/cac:PayerParty/cac:PostalAddress/cbc:Department,BT-16,Part Name,
/ContractAwardNotice/cac:TenderResult/cac:Contract/cac:ContractualDelivery/cac:DeliveryTerms/cac:AllowanceCharge/cac:PaymentMeans/cac:PaymentMandate/cac:PayerParty/cac:PostalAddress/cbc:StreetName,BT-510,Street,
/ContractAwardNotice/cac:TenderResult/cac:Contract/cac:ContractualDelivery/cac:DeliveryTerms/cac:AllowanceCharge/cac:PaymentMeans/cac:PaymentMandate/cac:PayerParty/cac:PostalAddress/cbc:CityName,BT-513,City,
/ContractAwardNotice/cac:TenderResult/cac:Contract/cac:ContractualDelivery/cac:DeliveryTerms/cac:AllowanceCharge/cac:PaymentMeans/cac:PaymentMandate/cac:PayerParty/cac:PostalAddress/cbc:PostalZone,BT-512,Post Code,
/ContractAwardNotice/cac:TenderResult/cac:Contract/cac:ContractualDelivery/cac:DeliveryTerms/cac:AllowanceCharge/cac:PaymentMeans/cac:PaymentMandate/cac:PayerParty/cac:PostalAddress/cbc:CountrySubentityCode,BT-507,Country Subdivision,NUTS3 code
/ContractAwardNotice/cac:TenderResult/cac:Contract/cac:ContractualDelivery/cac:DeliveryTerms/cac:AllowanceCharge/cac:PaymentMeans/cac:PaymentMandate/cac:PayerParty/cac:PostalAddress/cbc:IdentificationCode,BT-514,Country Code,
/ContractAwardNotice/cac:TenderResult/cac:Contract/cac:ContractualDelivery/cac:DeliveryTerms/cac:AllowanceCharge/cac:PaymentMeans/cac:PaymentMandate/cac:PayerParty/cac:Contact/cbc:Name,BT-502,Contact Point,
/ContractAwardNotice/cac:TenderResult/cac:Contract/cac:ContractualDelivery/cac:DeliveryTerms/cac:AllowanceCharge/cac:PaymentMeans/cac:PaymentMandate/cac:PayerParty/cac:Contact/cbc:ElectronicMail,BT-506,Contact Email Address,
/ContractAwardNotice/cac:TenderResult/cac:Contract/cac:ContractualDelivery/cac:DeliveryTerms/cac:AllowanceCharge/cac:PaymentMeans/cac:PaymentMandate/cac:PayerParty/cac:Contact/cbc:Telephone,BT-503,Contact Telephone Number,
/ContractAwardNotice/cac:TenderResult/cac:Contract/cac:ContractualDelivery/cac:DeliveryTerms/cac:AllowanceCharge/cac:PaymentMeans/cac:PaymentMandate/cac:PayerParty/cac:Contact/cbc:Telefax,BT-739,Contact Fax,
/ContractAwardNotice/cac:TenderResult/cac:Contract/cac:ContractualDelivery/cac:DeliveryTerms/cac:AllowanceCharge/cac:PaymentMeans/cac:TradeFinancing/cac:FinancingParty/cbc:WebsiteURI,BT-505,Internet Address,
/ContractAwardNotice/cac:TenderResult/cac:Contract/cac:ContractualDelivery/cac:DeliveryTerms/cac:AllowanceCharge/cac:PaymentMeans/cac:TradeFinancing/cac:FinancingParty/cbc:EndpointID,BT-509,eDelivery Gateway,.
/ContractAwardNotice/cac:TenderResult/cac:Contract/cac:ContractualDelivery/cac:DeliveryTerms/cac:AllowanceCharge/cac:PaymentMeans/cac:TradeFinancing/cac:FinancingParty/cbc:IndustryClassificationCode[@listName='legal-person'],BT-633,Organisation Natural Person,
/ContractAwardNotice/cac:TenderResult/cac:Contract/cac:ContractualDelivery/cac:DeliveryTerms/cac:AllowanceCharge/cac:PaymentMeans/cac:TradeFinancing/cac:FinancingParty/cac:PartyName/cbc:Name,BT-500,Name,
/ContractAwardNotice/cac:TenderResult/cac:Contract/cac:ContractualDelivery/cac:DeliveryTerms/cac:AllowanceCharge/cac:PaymentMeans/cac:TradeFinancing/cac:FinancingParty/cac:PartyLegalEntity/cbc:CompanyID,BT-501,Identifier,
/ContractAwardNotice/cac:TenderResult/cac:Contract/cac:ContractualDelivery/cac:DeliveryTerms/cac:AllowanceCharge/cac:PaymentMeans/cac:TradeFinancing/cac:FinancingParty/cac:PostalAddress/cbc:Department,BT-16,Part Name,
/ContractAwardNotice/cac:TenderResult/cac:Contract/cac:ContractualDelivery/cac:DeliveryTerms/cac:AllowanceCharge/cac:PaymentMeans/cac:TradeFinancing/cac:FinancingParty/cac:PostalAddress/cbc:StreetName,BT-510,Street,
/ContractAwardNotice/cac:TenderResult/cac:Contract/cac:ContractualDelivery/cac:DeliveryTerms/cac:AllowanceCharge/cac:PaymentMeans/cac:TradeFinancing/cac:FinancingParty/cac:PostalAddress/cbc:CityName,BT-513,City,
/ContractAwardNotice/cac:TenderResult/cac:Contract/cac:ContractualDelivery/cac:DeliveryTerms/cac:AllowanceCharge/cac:PaymentMeans/cac:TradeFinancing/cac:FinancingParty/cac:PostalAddress/cbc:PostalZone,BT-512,Post Code,
/ContractAwardNotice/cac:TenderResult/cac:Contract/cac:ContractualDelivery/cac:DeliveryTerms/cac:AllowanceCharge/cac:PaymentMeans/cac:TradeFinancing/cac:FinancingParty/cac:PostalAddress/cbc:CountrySubentityCode,BT-507,Country Subdivision,NUTS3 code
/ContractAwardNotice/cac:TenderResult/cac:Contract/cac:ContractualDelivery/cac:DeliveryTerms/cac:AllowanceCharge/cac:PaymentMeans/cac:TradeFinancing/cac:FinancingParty/cac:PostalAddress/cbc:IdentificationCode,BT-514,Country Code,
/ContractAwardNotice/cac:TenderResult/cac:Contract/cac:ContractualDelivery/cac:DeliveryTerms/cac:AllowanceCharge/cac:PaymentMeans/cac:TradeFinancing/cac:FinancingParty/cac:Contact/cbc:Name,BT-502,Contact Point,
/ContractAwardNotice/cac:TenderResult/cac:Contract/cac:ContractualDelivery/cac:DeliveryTerms/cac:AllowanceCharge/cac:PaymentMeans/cac:TradeFinancing/cac:FinancingParty/cac:Contact/cbc:ElectronicMail,BT-506,Contact Email Address,
/ContractAwardNotice/cac:TenderResult/cac:Contract/cac:ContractualDelivery/cac:DeliveryTerms/cac:AllowanceCharge/cac:PaymentMeans/cac:TradeFinancing/cac:FinancingParty/cac:Contact/cbc:Telephone,BT-503,Contact Telephone Number,
/ContractAwardNotice/cac:TenderResult/cac:Contract/cac:ContractualDelivery/cac:DeliveryTerms/cac:AllowanceCharge/cac:PaymentMeans/cac:TradeFinancing/cac:FinancingParty/cac:Contact/cbc:Telefax,BT-739,Contact Fax,
/ContractAwardNotice/cac:TenderResult/cac:AwardedTenderedProject/cbc:VariantID,BT-3201,Tender Variation ID,To differentiate tenders within an envelop
/ContractAwardNotice/cac:TenderResult/cac:AwardedTenderedProject/cbc:TenderEnvelopeID,BT-3201,Tender Identifier,To identify the envelop that contained the tender(s)
/ContractAwardNotice/cac:TenderResult/cac:AwardedTenderedProject/cbc:TenderEnvelopeTypeCode,BT-193,Tender Variant,
/ContractAwardNotice/cac:TenderResult/cac:AwardedTenderedProject/cac:ProcurementProjectLot/cbc:ID,BT-13714,Tender Lot Identifier,
/ContractAwardNotice/cac:TenderResult/cac:AwardedTenderedProject/cac:ProcurementProjectLot/cac:TenderingTerms/cbc:FundingProgramCode,BT-5011,Contract EU Funds Identifier,
/ContractAwardNotice/cac:TenderResult/cac:AwardedTenderedProject/cac:ProcurementProjectLot/cac:TenderingTerms/cbc:FundingProgram,BT-722,Contract EU Funds Name,
/ContractAwardNotice/cac:TenderResult/cac:AwardedTenderedProject/cac:ProcurementProjectLot/cac:TenderingProcess/cbc:TerminatedIndicator[../cbc:ContractingSystemCode/@listName='dps-usage'],BT-119,Dynamic Purchasing System Termination,
/ContractAwardNotice/cac:TenderResult/cac:AwardedTenderedProject/cac:ProcurementProjectLot/cac:TenderingProcess/cac:ProcessJustification/cbc:ProcessReasonCode[@listName='direct-award-justification'],BT-136,Direct Award Justification Code,
/ContractAwardNotice/cac:TenderResult/cac:AwardedTenderedProject/cac:ProcurementProjectLot/cac:TenderingProcess/cac:ProcessJustification[./cbc:ProcessReasonCode/@listName='direct-award-justification']/cbc:Description,BT-1252,Direct Award Justification Previous Procedure Identifier,
/ContractAwardNotice/cac:TenderResult/cac:AwardedTenderedProject/cac:ProcurementProjectLot/cac:TenderingProcess/cac:ProcessJustification[./cbc:ProcessReasonCode/@listName='direct-award-justification']/cbc:ProcessReason,BT-135,Direct Award Justification Text,
/ContractAwardNotice/cac:TenderResult/cac:AwardedTenderedProject/cac:ProcurementProjectLot/cac:TenderingProcess/cac:FrameworkAgreement/cbc:EstimatedMaximumValueAmount,BT-660,Framework Estimated Value,
/ContractAwardNotice/cac:TenderResult/cac:AwardedTenderedProject/cac:ProcurementProjectLot/cac:TenderingProcess/cac:FrameworkAgreement/cbc:MaximumValueAmount,BT-156,Group Framework Value,For Group of Lots only
/ContractAwardNotice/cac:TenderResult/cac:AwardedTenderedProject/cac:ProcurementProjectLot/cac:TenderingProcess/cac:FrameworkAgreement/cbc:MaximumValueAmount,BT-709,Framework Maximum Value,
/ContractAwardNotice/cac:TenderResult/cac:AwardedTenderedProject/cac:ProcurementProjectLot/cac:ProcurementProject/ext:UBLExtensions/ext:UBLExtension/ext:ExtensionContent/efext:EformsExtension/efac:StrategicProjectsStatistics[./efbc:StatisticsCode/text()='vehicles']/efbc:StatisticalNumeric,BT-715,Vehicles,
/ContractAwardNotice/cac:TenderResult/cac:AwardedTenderedProject/cac:ProcurementProjectLot/cac:ProcurementProject/ext:UBLExtensions/ext:UBLExtension/ext:ExtensionContent/efext:EformsExtension/efac:StrategicProjectsStatistics[./efbc:StatisticsCode/text()='vehicles-zero-emission']/efbc:StatisticalNumeric,BT-725,Vehicles Zero Emission,
/ContractAwardNotice/cac:TenderResult/cac:AwardedTenderedProject/cac:ProcurementProjectLot/cac:ProcurementProject/ext:UBLExtensions/ext:UBLExtension/ext:ExtensionContent/efext:EformsExtension/efac:StrategicProjectsStatistics[./efbc:StatisticsCode/text()='vehicles-clean']/efbc:StatisticalNumeric,BT-716,Vehicles Clean,
/ContractAwardNotice/cac:TenderResult/cac:AwardedTenderedProject/cac:LegalMonetaryTotal/cbc:PayableAmount,BT-720,Tender Value,
/ContractAwardNotice/cac:TenderResult/cac:AwardedTenderedProject/cac:TenderLine/cac:Item/cac:OriginCountry/cbc:IdentificationCode,BT-191,Country Origin,
/ContractAwardNotice/cac:TenderResult/cac:AwardedTenderedProject/cac:AdditionalFee[cbc:FeeTypeCode/text()='concession-revenue-user']/cbc:FeeAmount,BT-162,Concession Revenue User,
/ContractAwardNotice/cac:TenderResult/cac:AwardedTenderedProject/cac:AdditionalFee[cbc:FeeTypeCode/text()='concession-revenue-buyer']/cbc:FeeAmount,BT-160,Concession Revenue Buyer,
/ContractAwardNotice/cac:TenderResult/cac:AwardedTenderedProject/cac:AdditionalFee/cbc:FeeDescription,BT-163,Concession Value Description,
/ContractAwardNotice/cac:TenderResult/cac:SubcontractTerms/cbc:Rate,BT-555,Subcontracting Percentage,Rate = Percentage/100
/ContractAwardNotice/cac:TenderResult/cac:SubcontractTerms/cbc:SubcontractingConditionsCode[@listName='known-percentage'],BT-731,Subcontracting Percentage Known,
/ContractAwardNotice/cac:TenderResult/cac:SubcontractTerms/cbc:Description,BT-554,Subcontracting Description,
/ContractAwardNotice/cac:TenderResult/cac:SubcontractTerms/cbc:Amount[@currencyID],BT-553,Subcontracting Value,
/ContractAwardNotice/cac:TenderResult/cac:SubcontractTerms/cbc:SubcontractingConditionsCode[@listName='known-value'],BT-730,Subcontracting Value Known,
/ContractAwardNotice/cac:TenderResult/cac:SubcontractTerms/cbc:SubcontractingConditionsCode[@listName='applicability'],BT-773,Subcontracting,
/ContractAwardNotice/cac:TenderResult/cac:WinningParty/cbc:Rank,BT-171,Tender Rank,
/ContractAwardNotice/cac:TenderResult/cac:WinningParty/cac:Party/cbc:IndustryClassificationCode[@listName='economic-operator-size'],BT-165,Winner Size,
/ContractAwardNotice/cac:TenderResult/cac:WinningParty/cac:Party/cbc:IndustryClassificationCode[@listName='winner-listed'],BT-746,Winner Listed,
/ContractAwardNotice/cac:TenderResult/cac:WinningParty/cbc:WebsiteURI,BT-505,Internet Address,
/ContractAwardNotice/cac:TenderResult/cac:WinningParty/cbc:EndpointID,BT-509,eDelivery Gateway,.
/ContractAwardNotice/cac:TenderResult/cac:WinningParty/cbc:IndustryClassificationCode[@listName='legal-person'],BT-633,Organisation Natural Person,
/ContractAwardNotice/cac:TenderResult/cac:WinningParty/cac:PartyName/cbc:Name,BT-500,Name,
/ContractAwardNotice/cac:TenderResult/cac:WinningParty/cac:PartyLegalEntity/cbc:CompanyID,BT-501,Identifier,
/ContractAwardNotice/cac:TenderResult/cac:WinningParty/cac:PostalAddress/cbc:Department,BT-16,Part Name,
/ContractAwardNotice/cac:TenderResult/cac:WinningParty/cac:PostalAddress/cbc:StreetName,BT-510,Street,
/ContractAwardNotice/cac:TenderResult/cac:WinningParty/cac:PostalAddress/cbc:CityName,BT-513,City,
/ContractAwardNotice/cac:TenderResult/cac:WinningParty/cac:PostalAddress/cbc:PostalZone,BT-512,Post Code,
/ContractAwardNotice/cac:TenderResult/cac:WinningParty/cac:PostalAddress/cbc:CountrySubentityCode,BT-507,Country Subdivision,NUTS3 code
/ContractAwardNotice/cac:TenderResult/cac:WinningParty/cac:PostalAddress/cbc:IdentificationCode,BT-514,Country Code,
/ContractAwardNotice/cac:TenderResult/cac:WinningParty/cac:Contact/cbc:Name,BT-502,Contact Point,
/ContractAwardNotice/cac:TenderResult/cac:WinningParty/cac:Contact/cbc:ElectronicMail,BT-506,Contact Email Address,
/ContractAwardNotice/cac:TenderResult/cac:WinningParty/cac:Contact/cbc:Telephone,BT-503,Contact Telephone Number,
/ContractAwardNotice/cac:TenderResult/cac:WinningParty/cac:Contact/cbc:Telefax,BT-739,Contact Fax,
/ContractAwardNotice/cac:TenderResult/cac:WinningParty/cac:Party/cac:AgentParty/cbc:WebsiteURI,BT-505,Internet Address,
/ContractAwardNotice/cac:TenderResult/cac:WinningParty/cac:Party/cac:AgentParty/cbc:EndpointID,BT-509,eDelivery Gateway,
/ContractAwardNotice/cac:TenderResult/cac:WinningParty/cac:Party/cac:AgentParty/cbc:IndustryClassificationCode[@listName='legal-person'],BT-633,Organisation Natural Person,
/ContractAwardNotice/cac:TenderResult/cac:WinningParty/cac:Party/cac:AgentParty/cac:PartyName/cbc:Name,BT-500,Name,
/ContractAwardNotice/cac:TenderResult/cac:WinningParty/cac:Party/cac:AgentParty/cac:PartyLegalEntity/cbc:CompanyID,BT-501,Identifier,
/ContractAwardNotice/cac:TenderResult/cac:WinningParty/cac:Party/cac:AgentParty/cac:PostalAddress/cbc:Department,BT-16,Part Name,
/ContractAwardNotice/cac:TenderResult/cac:WinningParty/cac:Party/cac:AgentParty/cac:PostalAddress/cbc:StreetName,BT-510,Street,
/ContractAwardNotice/cac:TenderResult/cac:WinningParty/cac:Party/cac:AgentParty/cac:PostalAddress/cbc:CityName,BT-513,City,
/ContractAwardNotice/cac:TenderResult/cac:WinningParty/cac:Party/cac:AgentParty/cac:PostalAddress/cbc:PostalZone,BT-512,Post Code,
/ContractAwardNotice/cac:TenderResult/cac:WinningParty/cac:Party/cac:AgentParty/cac:PostalAddress/cbc:CountrySubentityCode,BT-507,Country Subdivision,NUTS3 code
/ContractAwardNotice/cac:TenderResult/cac:WinningParty/cac:Party/cac:AgentParty/cac:PostalAddress/cbc:IdentificationCode,BT-514,Country Code,
/ContractAwardNotice/cac:TenderResult/cac:WinningParty/cac:Party/cac:AgentParty/cac:Contact/cbc:Name,BT-502,Contact Point,
/ContractAwardNotice/cac:TenderResult/cac:WinningParty/cac:Party/cac:AgentParty/cac:Contact/cbc:ElectronicMail,BT-506,Contact Email Address,
/ContractAwardNotice/cac:TenderResult/cac:WinningParty/cac:Party/cac:AgentParty/cac:Contact/cbc:Telephone,BT-503,Contact Telephone Number,
/ContractAwardNotice/cac:TenderResult/cac:WinningParty/cac:Party/cac:AgentParty/cac:Contact/cbc:Telefax,BT-739,Contact Fax,
/ContractAwardNotice/cac:TenderResult/cac:WinningParty/cac:Party/cac:PartyLegalEntity/cac:ShareHolderParty/cac:Party/cac:Person/cbc:NationalityID,BT-706,Winner Owner Nationality,
/ContractAwardNotice/cac:TenderResult/cac:WinningParty/cac:Party/cac:ServiceProviderParty/cac:Party/cbc:WebsiteURI,BT-505,Internet Address,
/ContractAwardNotice/cac:TenderResult/cac:WinningParty/cac:Party/cac:ServiceProviderParty/cac:Party/cbc:EndpointID,BT-509,eDelivery Gateway,.
/ContractAwardNotice/cac:TenderResult/cac:WinningParty/cac:Party/cac:ServiceProviderParty/cac:Party/cbc:IndustryClassificationCode[@listName='legal-person'],BT-633,Organisation Natural Person,
/ContractAwardNotice/cac:TenderResult/cac:WinningParty/cac:Party/cac:ServiceProviderParty/cac:Party/cac:PartyName/cbc:Name,BT-500,Name,
/ContractAwardNotice/cac:TenderResult/cac:WinningParty/cac:Party/cac:ServiceProviderParty/cac:Party/cac:PartyLegalEntity/cbc:CompanyID,BT-501,Identifier,
/ContractAwardNotice/cac:TenderResult/cac:WinningParty/cac:Party/cac:ServiceProviderParty/cac:Party/cac:PostalAddress/cbc:Department,BT-16,Part Name,
/ContractAwardNotice/cac:TenderResult/cac:WinningParty/cac:Party/cac:ServiceProviderParty/cac:Party/cac:PostalAddress/cbc:StreetName,BT-510,Street,
/ContractAwardNotice/cac:TenderResult/cac:WinningParty/cac:Party/cac:ServiceProviderParty/cac:Party/cac:PostalAddress/cbc:CityName,BT-513,City,
/ContractAwardNotice/cac:TenderResult/cac:WinningParty/cac:Party/cac:ServiceProviderParty/cac:Party/cac:PostalAddress/cbc:PostalZone,BT-512,Post Code,
/ContractAwardNotice/cac:TenderResult/cac:WinningParty/cac:Party/cac:ServiceProviderParty/cac:Party/cac:PostalAddress/cbc:CountrySubentityCode,BT-507,Country Subdivision,NUTS3 code
/ContractAwardNotice/cac:TenderResult/cac:WinningParty/cac:Party/cac:ServiceProviderParty/cac:Party/cac:PostalAddress/cbc:IdentificationCode,BT-514,Country Code,
/ContractAwardNotice/cac:TenderResult/cac:WinningParty/cac:Party/cac:ServiceProviderParty/cac:Party/cac:Contact/cbc:Name,BT-502,Contact Point,
/ContractAwardNotice/cac:TenderResult/cac:WinningParty/cac:Party/cac:ServiceProviderParty/cac:Party/cac:Contact/cbc:ElectronicMail,BT-506,Contact Email Address,
/ContractAwardNotice/cac:TenderResult/cac:WinningParty/cac:Party/cac:ServiceProviderParty/cac:Party/cac:Contact/cbc:Telephone,BT-503,Contact Telephone Number,
/ContractAwardNotice/cac:TenderResult/cac:WinningParty/cac:Party/cac:ServiceProviderParty/cac:Party/cac:Contact/cbc:Telefax,BT-739,Contact Fax,
